RatecodeID,PULocationID,DOLocationID,passenger_count,trip_distance,fare_amount,extra,mta_tax,tip_amount,tolls_amount,improvement_surcharge,total_amount,congestion_surcharge,date,dropoff_date,temperature_2m,relative_humidity_2m,rain,snowfall,snow_depth,pressure_msl,wind_speed_100m,wind_direction_100m
1.0,75,236,1.0,1.2,7.0,2.75,0.5,2.1,0.0,0.3,12.65,2.75,2021-07-02 15:00:00+00:00,2021-07-02 15:07:39,34.8908,93.06577,0.2,0.0,0.0,1015.7,6.830519,71.564964
1.0,74,247,1.0,2.09,8.5,0.0,0.5,2.79,0.0,0.3,12.09,0.0,2021-07-03 12:00:00+00:00,2021-07-03 12:07:11,45.8708,57.156956,0.1,0.0,0.0,1012.3,7.24486,296.56497
1.0,95,121,2.0,2.53,11.0,0.0,0.5,1.0,0.0,0.3,12.8,0.0,2021-07-06 08:00:00+00:00,2021-07-06 08:10:06,48.7508,55.337654,0.0,0.0,0.0,1013.7,11.525623,268.2101
1.0,74,237,1.0,3.31,16.0,0.0,0.5,0.0,0.0,0.3,19.55,2.75,2021-07-08 13:00:00+00:00,2021-07-08 13:21:52,51.2708,50.20899,0.0,0.0,0.0,1017.4,8.217153,298.8107
1.0,213,197,1.0,15.92,52.0,0.5,0.5,0.0,6.55,0.3,59.85,0.0,2021-07-13 06:00:00+00:00,2021-07-13 06:44:33,41.2808,59.273697,0.5,0.0,0.0,1013.1,10.495713,239.0363
1.0,74,75,1.0,1.28,9.0,1.0,0.5,0.0,0.0,0.3,10.8,0.0,2021-07-14 00:00:00+00:00,2021-07-14 19:19:41,26.6108,98.15678,0.0,0.0,0.0,1016.1,7.2,180.0
1.0,95,134,1.0,1.05,6.0,0.0,0.5,0.0,0.0,0.3,6.8,0.0,2021-07-18 14:00:00+00:00,2021-07-18 14:05:46,37.1408,95.14839,0.0,0.0,0.0,1017.9,2.6208394,164.05453
1.0,74,74,1.0,0.63,5.0,0.5,0.5,0.0,0.0,0.3,6.3,0.0,2021-07-19 00:00:00+00:00,2021-07-19 00:04:19,30.7508,96.765305,0.0,0.0,0.0,1015.0,3.0758414,159.44388
1.0,75,236,6.0,1.75,8.5,0.0,0.5,0.0,0.0,0.3,12.05,2.75,2021-07-19 10:00:00+00:00,2021-07-19 10:08:58,45.7808,80.17783,0.0,0.0,0.0,1011.1,11.159999,270.0
1.0,43,161,1.0,2.97,15.0,0.0,0.5,2.0,0.0,0.3,20.55,2.75,2021-07-19 13:00:00+00:00,2021-07-19 13:20:29,42.720802,68.787605,0.0,0.0,0.0,1011.4,8.089993,290.85452
1.0,74,75,1.0,1.24,7.0,0.0,0.5,0.0,0.0,0.3,7.8,0.0,2021-07-21 12:00:00+00:00,2021-07-21 12:08:45,39.2108,83.15824,0.5,0.0,0.0,1012.1,5.8048253,240.2552
1.0,236,151,1.0,1.03,6.5,1.0,0.5,1.66,0.0,0.3,9.96,0.0,2021-07-23 18:00:00+00:00,2021-07-23 18:05:38,30.7508,74.89386,0.0,0.0,0.0,1013.5,3.4152596,108.43504
1.0,66,25,1.0,1.73,8.5,0.5,0.5,2.0,0.0,0.3,11.8,0.0,2021-07-23 20:00:00+00:00,2021-07-23 20:09:17,29.4008,75.32693,0.0,0.0,0.0,1013.2,5.8603754,100.619606
1.0,75,74,2.0,1.37,7.5,1.0,0.5,1.86,0.0,0.3,11.16,0.0,2021-07-29 18:00:00+00:00,2021-07-29 18:08:11,40.290802,81.17758,0.0,0.0,0.0,1013.2,5.00128,239.74365
,205,140,,15.93,54.53,2.75,0.0,0.0,0.0,0.3,57.58,,2021-07-07 06:00:00+00:00,2021-07-07 06:54:00,50.3708,56.173477,0.0,0.0,0.0,1015.5,9.793059,306.02747
,89,65,,4.68,36.45,2.75,0.0,0.0,0.0,0.3,39.5,,2021-07-07 07:00:00+00:00,2021-07-07 07:25:00,50.2808,58.823105,0.1,0.0,0.0,1015.3,11.592894,306.15826
,22,137,,17.57,44.41,2.75,0.0,0.0,6.55,0.3,54.01,,2021-07-13 08:00:00+00:00,2021-07-13 08:54:00,42.1808,55.996807,0.3,0.0,0.0,1012.3,15.39184,259.21576
,131,215,,3.12,22.45,2.75,0.0,0.0,0.0,0.3,25.5,,2021-07-08 19:00:00+00:00,2021-07-08 19:20:00,32.1908,82.05117,0.0,0.0,0.0,1018.4,1.609969,116.56499
,53,228,,18.31,57.16,0.0,0.0,5.75,0.0,0.3,63.21,,2021-07-04 17:00:00+00:00,2021-07-04 17:43:00,33.450798,73.7755,0.0,0.0,0.0,1014.6,5.1165614,129.28938
,126,235,,4.65,20.53,2.75,0.0,0.0,0.0,0.3,23.58,,2021-07-16 18:00:00+00:00,2021-07-16 18:34:00,31.650799,92.96611,0.0,0.0,0.0,1022.6,7.24486,153.43501
,121,72,,9.57,46.88,2.75,0.0,0.0,0.0,0.3,49.93,,2021-07-16 18:00:00+00:00,2021-07-16 18:59:00,31.650799,92.96611,0.0,0.0,0.0,1022.6,7.24486,153.43501
,102,179,,11.76,26.45,2.75,0.0,0.0,0.0,0.3,29.5,,2021-07-13 08:00:00+00:00,2021-07-13 08:36:00,42.1808,55.996807,0.3,0.0,0.0,1012.3,15.39184,259.21576
,70,130,,5.54,39.1,1.35,0.0,0.0,0.0,0.3,40.75,,2021-07-13 08:00:00+00:00,2021-07-13 08:15:00,42.1808,55.996807,0.3,0.0,0.0,1012.3,15.39184,259.21576
,238,121,,15.19,44.8,2.75,0.0,0.0,6.55,0.3,54.4,,2021-07-17 07:00:00+00:00,2021-07-17 07:37:00,44.160797,77.27334,1.1,0.0,0.0,1020.1,9.565437,250.20103
,117,35,,11.85,45.1,1.35,0.0,0.0,2.45,0.3,49.2,,2021-07-02 09:00:00+00:00,2021-07-02 09:32:00,40.5608,80.33204,0.1,0.0,0.0,1014.9,2.9024127,330.25522
,242,168,,5.69,27.27,2.75,0.0,0.0,0.0,0.3,30.32,,2021-07-02 09:00:00+00:00,2021-07-02 09:20:00,40.5608,80.33204,0.1,0.0,0.0,1014.9,2.9024127,330.25522
,181,61,,2.91,18.95,2.75,0.0,0.0,0.0,0.3,22.0,,2021-07-08 21:00:00+00:00,2021-07-08 21:20:00,30.7508,82.55651,0.0,0.0,0.0,1018.1,2.8116899,140.19447
,203,95,,9.18,29.56,2.75,0.0,0.0,0.0,0.3,32.61,,2021-07-07 08:00:00+00:00,2021-07-07 08:29:00,50.8208,55.244194,0.0,0.0,0.0,1014.9,11.113451,294.90472
,131,205,,1.37,25.92,2.75,0.0,0.0,0.0,0.3,28.97,,2021-07-21 14:00:00+00:00,2021-07-21 14:14:00,35.520798,91.7539,0.0,0.0,0.0,1013.5,4.3349743,228.36655
,227,39,,8.54,43.45,2.75,0.0,0.0,0.0,0.3,46.5,,2021-07-21 14:00:00+00:00,2021-07-21 14:40:00,35.520798,91.7539,0.0,0.0,0.0,1013.5,4.3349743,228.36655
,75,74,,1.26,20.65,2.75,0.0,0.0,0.0,0.3,23.7,,2021-07-13 09:00:00+00:00,2021-07-13 09:07:00,42.540802,53.01958,0.1,0.0,0.0,1012.1,16.919998,270.0
,235,142,,7.72,35.53,2.75,0.0,0.0,0.0,0.3,38.58,,2021-07-13 09:00:00+00:00,2021-07-13 09:19:00,42.540802,53.01958,0.1,0.0,0.0,1012.1,16.919998,270.0
,131,131,,2.18,19.37,2.75,0.0,0.0,6.55,0.3,28.97,,2021-07-23 13:00:00+00:00,2021-07-23 13:12:00,48.0308,48.092842,0.0,0.0,0.0,1011.4,7.754637,291.80148
,95,139,,8.69,29.56,2.75,0.0,0.0,0.0,0.3,32.61,,2021-07-27 17:00:00+00:00,2021-07-27 17:33:00,40.3808,90.31807,0.0,0.0,0.0,1012.2,1.1384199,198.43504
,97,35,,5.58,20.93,2.75,0.0,0.0,0.0,0.3,23.98,,2021-07-27 17:00:00+00:00,2021-07-27 17:50:00,40.3808,90.31807,0.0,0.0,0.0,1012.2,1.1384199,198.43504
,152,74,,2.06,17.69,2.75,0.0,0.0,0.0,0.3,20.74,,2021-07-29 14:00:00+00:00,2021-07-29 14:20:00,43.1708,81.108864,0.0,0.0,0.0,1011.3,8.647496,267.6141
,141,98,,13.01,55.0,2.75,0.0,0.0,0.0,0.3,58.05,,2021-07-29 15:00:00+00:00,2021-07-29 16:01:00,40.7408,86.88844,0.0,0.0,0.0,1012.5,8.669949,274.76355
,42,78,,6.57,23.63,5.5,0.0,0.0,0.0,0.3,29.43,,2021-07-17 07:00:00+00:00,2021-07-17 07:19:00,44.160797,77.27334,1.1,0.0,0.0,1020.1,9.565437,250.20103
,20,17,,16.11,44.55,2.75,0.0,0.0,6.55,0.3,54.15,,2021-07-17 07:00:00+00:00,2021-07-17 07:33:00,44.160797,77.27334,1.1,0.0,0.0,1020.1,9.565437,250.20103
,69,78,,3.12,30.02,0.0,0.0,0.0,0.0,0.3,30.32,,2021-07-02 10:00:00+00:00,2021-07-02 10:20:00,41.5508,80.41041,0.1,0.0,0.0,1014.2,1.2979984,303.6901
,42,151,,3.43,21.96,1.35,0.0,0.0,0.0,0.3,23.61,,2021-07-09 05:00:00+00:00,2021-07-09 05:14:00,54.7808,37.479156,0.0,0.0,0.0,1015.2,5.0528407,265.91446
,242,69,,4.47,27.27,2.75,0.0,0.0,0.0,0.3,30.32,,2021-07-21 15:00:00+00:00,2021-07-21 15:29:00,34.2608,95.42989,0.0,0.0,0.0,1013.7,3.2599385,173.6599
,250,95,,12.91,40.02,2.75,0.0,0.0,6.55,0.3,49.62,,2021-07-21 15:00:00+00:00,2021-07-21 15:46:00,34.2608,95.42989,0.0,0.0,0.0,1013.7,3.2599385,173.6599
,37,177,,1.53,13.2,0.0,0.0,0.0,0.0,0.3,13.5,,2021-07-19 12:00:00+00:00,2021-07-19 12:11:00,44.160797,63.70495,0.1,0.0,0.0,1011.0,9.0,286.26028
,38,233,,21.54,45.23,5.5,0.0,0.0,6.55,0.3,57.58,,2021-07-15 07:00:00+00:00,2021-07-15 07:52:00,50.1008,46.3476,0.0,0.0,0.0,1012.0,13.1041975,254.05453
,166,244,,3.18,22.86,2.75,0.0,0.0,0.0,0.3,25.91,,2021-07-15 07:00:00+00:00,2021-07-15 07:15:00,50.1008,46.3476,0.0,0.0,0.0,1012.0,13.1041975,254.05453
,32,51,,0.0,22.45,2.75,0.0,0.0,0.0,0.3,25.5,,2021-07-16 20:00:00+00:00,2021-07-16 20:15:00,29.2208,94.624054,0.0,0.0,0.0,1021.0,7.072878,165.2564
,130,130,,177050.84,28.74,2.75,0.0,0.0,0.0,0.3,31.79,,2021-07-27 18:00:00+00:00,2021-07-27 18:02:00,37.3208,95.49147,0.0,0.0,0.0,1012.0,2.52,180.0
,41,42,,1.61,27.69,2.75,0.0,0.0,0.0,0.3,30.74,,2021-07-17 08:00:00+00:00,2021-07-17 08:07:00,47.8508,73.64293,0.2,0.0,0.0,1017.9,6.9899354,281.88864
,198,117,,11.53,41.69,2.75,0.0,0.0,2.45,0.3,47.19,,2021-07-17 08:00:00+00:00,2021-07-17 08:37:00,47.8508,73.64293,0.2,0.0,0.0,1017.9,6.9899354,281.88864
,226,205,,16.44,45.12,2.75,0.0,0.0,0.0,0.3,48.17,,2021-07-29 16:00:00+00:00,2021-07-29 17:36:00,41.3708,80.68316,0.0,0.0,0.0,1012.8,6.130579,266.6336
,225,33,,4.94,20.93,2.75,0.0,0.0,0.0,0.3,23.98,,2021-07-02 10:00:00+00:00,2021-07-02 10:34:00,41.5508,80.41041,0.1,0.0,0.0,1014.2,1.2979984,303.6901
,33,71,,5.15,25.4,2.75,0.0,0.0,0.0,0.3,28.45,,2021-07-02 11:00:00+00:00,2021-07-02 11:40:00,42.450798,77.67137,0.2,0.0,0.0,1014.0,3.396233,302.00534
,144,18,,16.11,49.46,2.75,0.0,0.0,0.0,0.3,52.51,,2021-07-02 11:00:00+00:00,2021-07-02 11:47:00,42.450798,77.67137,0.2,0.0,0.0,1014.0,3.396233,302.00534
,76,117,,9.26,43.7,2.75,0.0,0.0,2.45,0.3,49.2,,2021-07-21 15:00:00+00:00,2021-07-21 15:29:00,34.2608,95.42989,0.0,0.0,0.0,1013.7,3.2599385,173.6599
,121,124,,0.0,34.22,2.75,0.0,0.0,0.0,0.3,37.27,,2021-07-19 12:00:00+00:00,2021-07-19 12:30:00,44.160797,63.70495,0.1,0.0,0.0,1011.0,9.0,286.26028
,76,87,,9.03,38.27,2.75,0.0,0.0,0.0,0.3,41.32,,2021-07-19 12:00:00+00:00,2021-07-19 12:52:00,44.160797,63.70495,0.1,0.0,0.0,1011.0,9.0,286.26028
,225,55,,11.24,36.16,2.75,0.0,0.0,0.0,0.3,39.21,,2021-07-11 02:00:00+00:00,2021-07-11 02:44:00,38.5808,91.86268,0.0,0.0,0.0,1015.9,2.8799999,180.0
,174,250,,6.54,23.09,2.75,0.0,0.0,0.0,0.3,26.14,,2021-07-04 20:00:00+00:00,2021-07-04 20:14:00,29.7608,77.67314,0.0,0.0,0.0,1014.0,5.3517847,137.72638
,168,47,,3.16,22.45,2.75,0.0,0.0,0.0,0.3,25.5,,2021-07-04 21:00:00+00:00,2021-07-04 21:18:00,28.8608,78.773674,0.0,0.0,0.0,1013.8,4.8433046,131.98714
,160,197,,3.7,19.4,2.75,0.0,0.0,0.0,0.3,22.45,,2021-07-04 22:00:00+00:00,2021-07-04 22:13:00,28.5008,78.14828,0.0,0.0,0.0,1013.6,5.634891,116.56499
,116,45,,9.74,37.48,2.75,0.0,0.0,0.0,0.3,40.53,,2021-07-15 08:00:00+00:00,2021-07-15 08:42:00,50.5508,45.082706,0.0,0.0,0.0,1011.7,15.484185,252.40749
,25,37,,4.52,17.53,0.0,0.0,3.97,0.0,0.3,21.8,,2021-07-16 22:00:00+00:00,2021-07-16 22:29:00,27.6908,94.9396,0.0,0.0,0.0,1019.7,4.3349743,175.23645
,142,10,,15.74,59.72,2.75,0.0,0.0,0.0,0.3,62.77,,2021-07-13 10:00:00+00:00,2021-07-13 10:44:00,40.8308,59.649654,0.0,0.0,0.0,1013.0,15.141414,251.99574
,222,35,,0.6,18.95,2.75,0.0,0.0,0.0,0.3,22.0,,2021-07-17 09:00:00+00:00,2021-07-17 09:12:00,42.9908,82.24904,3.0,0.0,0.0,1019.9,10.24578,288.43503
,188,181,,2.92,21.64,2.75,0.0,0.0,0.0,0.3,24.69,,2021-07-17 09:00:00+00:00,2021-07-17 09:13:00,42.9908,82.24904,3.0,0.0,0.0,1019.9,10.24578,288.43503
,117,117,,2.25,21.24,2.75,0.0,0.0,0.0,0.3,24.29,,2021-07-02 11:00:00+00:00,2021-07-02 11:11:00,42.450798,77.67137,0.2,0.0,0.0,1014.0,3.396233,302.00534
,244,132,,20.33,67.86,0.0,0.0,16.48,6.55,0.3,91.19,,2021-07-29 17:00:00+00:00,2021-07-29 18:07:00,40.3808,82.35297,0.0,0.0,0.0,1013.0,4.829907,243.43501
,42,131,,15.86,57.97,0.0,0.0,0.0,6.55,0.3,64.82,,2021-07-21 16:00:00+00:00,2021-07-21 17:12:00,31.650799,97.13175,0.0,0.0,0.0,1013.9,4.3498964,155.55606
,195,37,,7.37,24.62,0.0,0.0,5.54,0.0,0.3,30.46,,2021-07-04 22:00:00+00:00,2021-07-04 22:48:00,28.5008,78.14828,0.0,0.0,0.0,1013.6,5.634891,116.56499
,7,258,,13.19,41.06,0.0,0.0,0.0,0.0,0.3,41.36,,2021-07-04 23:00:00+00:00,2021-07-04 23:51:00,27.9608,78.69505,0.0,0.0,0.0,1013.5,7.5170207,106.699326
,72,39,,4.07,23.83,2.75,0.0,0.0,0.0,0.3,26.88,,2021-07-31 15:00:00+00:00,2021-07-31 15:25:00,43.8908,49.41988,0.0,0.0,0.0,1014.2,5.5887027,284.93146
,61,61,,1.1,13.98,5.5,0.0,0.0,0.0,0.3,19.78,,2021-07-31 16:00:00+00:00,2021-07-31 16:07:00,42.090797,52.557533,0.0,0.0,0.0,1014.9,3.6,306.86996
,165,257,,2.04,16.73,2.75,0.0,0.0,0.0,0.3,19.78,,2021-07-13 10:00:00+00:00,2021-07-13 10:11:00,40.8308,59.649654,0.0,0.0,0.0,1013.0,15.141414,251.99574
,74,183,,8.38,34.69,2.75,0.0,0.0,0.0,0.3,37.74,,2021-07-23 15:00:00+00:00,2021-07-23 15:34:00,43.5308,48.995766,0.0,0.0,0.0,1012.9,0.35999998,180.0
,39,181,,6.73,28.03,2.75,0.0,0.0,0.0,0.3,31.08,,2021-07-23 16:00:00+00:00,2021-07-23 16:41:00,36.4208,64.588425,0.0,0.0,0.0,1013.3,2.968636,104.03627
,119,69,,1.96,15.95,1.35,0.0,0.0,0.0,0.3,17.6,,2021-07-23 16:00:00+00:00,2021-07-23 16:13:00,36.4208,64.588425,0.0,0.0,0.0,1013.3,2.968636,104.03627
,65,210,,15.54,38.51,2.75,0.0,0.0,0.0,0.3,41.56,,2021-07-29 17:00:00+00:00,2021-07-29 17:43:00,40.3808,82.35297,0.0,0.0,0.0,1013.0,4.829907,243.43501
,29,61,,8.3,33.4,2.75,0.0,0.0,6.55,0.3,43.0,,2021-07-21 17:00:00+00:00,2021-07-21 17:57:00,30.0308,99.270615,0.0,0.0,0.0,1013.5,5.3999996,180.0
,91,91,,0.79,11.45,2.75,0.0,0.0,0.0,0.3,14.5,,2021-07-21 17:00:00+00:00,2021-07-21 17:06:00,30.0308,99.270615,0.0,0.0,0.0,1013.5,5.3999996,180.0
,225,139,,12.66,49.35,2.75,0.0,0.0,0.0,0.3,52.4,,2021-07-07 10:00:00+00:00,2021-07-07 10:46:00,42.540802,80.20344,1.7,0.0,0.0,1018.9,5.154415,24.775122
,210,200,,25.54,67.76,2.75,0.0,0.0,9.55,0.3,80.36,,2021-07-07 10:00:00+00:00,2021-07-07 11:04:00,42.540802,80.20344,1.7,0.0,0.0,1018.9,5.154415,24.775122
,119,55,,29.41,83.9,2.75,0.0,0.0,6.55,0.3,93.5,,2021-07-05 02:00:00+00:00,2021-07-05 02:48:00,39.3008,71.452675,0.0,0.0,0.0,1013.8,8.891344,111.3707
,39,181,,5.98,28.03,2.75,0.0,0.0,0.0,0.3,31.08,,2021-07-05 05:00:00+00:00,2021-07-05 05:21:00,51.450798,42.34609,0.0,0.0,0.0,1011.7,6.9153743,231.34016
,62,188,,0.74,16.73,2.75,0.0,0.0,0.0,0.3,19.78,,2021-07-11 09:00:00+00:00,2021-07-11 09:04:00,46.2308,73.47975,0.5,0.0,0.0,1014.7,12.074766,259.69522
,129,179,,2.2,16.83,2.75,0.0,0.0,0.0,0.3,19.88,,2021-07-19 13:00:00+00:00,2021-07-19 13:14:00,42.720802,68.787605,0.0,0.0,0.0,1011.4,8.089993,290.85452
,181,89,,3.47,19.7,5.5,0.0,0.0,0.0,0.3,25.5,,2021-07-31 16:00:00+00:00,2021-07-31 16:21:00,42.090797,52.557533,0.0,0.0,0.0,1014.9,3.6,306.86996
,196,193,,175537.35,12.39,2.75,0.0,0.0,0.0,0.3,15.44,,2021-07-13 11:00:00+00:00,2021-07-13 12:20:00,39.6608,63.116173,0.0,0.0,0.0,1013.5,12.413477,240.4613
,56,56,,0.0,36.62,2.75,0.0,0.0,0.0,0.3,39.67,,2021-07-17 10:00:00+00:00,2021-07-17 10:03:00,46.860798,78.328804,0.1,0.0,0.0,1018.2,5.6920996,251.56496
,134,175,,4.82,29.45,2.75,0.0,0.0,0.0,0.3,32.5,,2021-07-17 10:00:00+00:00,2021-07-17 10:10:00,46.860798,78.328804,0.1,0.0,0.0,1018.2,5.6920996,251.56496
,159,18,,3.71,19.0,0.0,0.0,4.29,0.0,0.3,23.59,,2021-07-17 10:00:00+00:00,2021-07-17 10:19:00,46.860798,78.328804,0.1,0.0,0.0,1018.2,5.6920996,251.56496
,258,252,,9.86,27.75,2.75,0.0,0.0,0.0,0.3,30.8,,2021-07-17 11:00:00+00:00,2021-07-17 11:25:00,40.8308,85.670395,3.8,0.0,0.0,1020.8,11.792404,282.33908
,36,41,,11.29,28.37,2.75,0.0,0.0,6.55,0.3,37.97,,2021-07-02 13:00:00+00:00,2021-07-02 13:42:00,38.5808,88.96581,0.1,0.0,0.0,1015.5,4.3349743,85.23644
,146,226,,1.09,16.83,2.75,0.0,0.0,0.0,0.3,19.88,,2021-07-29 19:00:00+00:00,2021-07-29 19:04:00,39.8408,81.7267,0.0,0.0,0.0,1013.2,4.198285,239.0363
,179,87,,17.19,39.6,2.75,0.0,0.0,6.55,0.3,49.2,,2021-07-07 10:00:00+00:00,2021-07-07 11:39:00,42.540802,80.20344,1.7,0.0,0.0,1018.9,5.154415,24.775122
,222,93,,8.73,51.55,2.75,0.0,0.0,0.0,0.3,54.6,,2021-07-07 10:00:00+00:00,2021-07-07 10:22:00,42.540802,80.20344,1.7,0.0,0.0,1018.9,5.154415,24.775122
,151,18,,12.36,31.46,2.75,0.0,0.0,3.0,0.3,37.51,,2021-07-21 20:00:00+00:00,2021-07-21 20:20:00,26.1608,99.62814,0.0,0.0,0.0,1012.4,4.5536795,198.43504
,91,165,,0.94,13.95,2.75,0.0,0.0,0.0,0.3,17.0,,2021-07-05 08:00:00+00:00,2021-07-05 08:06:00,52.4408,46.21631,0.2,0.0,0.0,1010.9,7.5170207,286.6993
,235,186,,10.79,35.49,2.75,0.0,0.0,0.0,0.3,38.54,,2021-07-05 08:00:00+00:00,2021-07-05 08:21:00,52.4408,46.21631,0.2,0.0,0.0,1010.9,7.5170207,286.6993
,10,130,,2.34,13.07,2.75,0.0,0.0,0.0,0.3,16.12,,2021-07-05 09:00:00+00:00,2021-07-05 09:10:00,48.9308,56.36832,0.7,0.0,0.0,1013.0,11.367109,280.954
,260,196,,2.72,25.21,2.75,0.0,0.0,0.0,0.3,28.26,,2021-07-19 14:00:00+00:00,2021-07-19 14:09:00,40.200798,78.030685,0.0,0.0,0.0,1012.3,5.2416787,285.94547
,22,25,,5.88,32.95,2.75,0.0,0.0,0.0,0.3,36.0,,2021-07-11 10:00:00+00:00,2021-07-11 10:25:00,46.7708,71.99724,0.5,0.0,0.0,1014.1,13.004921,265.23645
,35,35,,0.09,35.37,1.35,0.0,0.0,13.1,0.3,50.12,,2021-07-31 17:00:00+00:00,2021-07-31 17:03:00,36.4208,67.79216,0.0,0.0,0.0,1014.7,2.9024127,29.744795
,205,130,,2.97,19.7,5.5,0.0,0.0,0.0,0.3,25.5,,2021-07-13 11:00:00+00:00,2021-07-13 11:15:00,39.6608,63.116173,0.0,0.0,0.0,1013.5,12.413477,240.4613
,97,228,,4.75,25.59,2.75,0.0,0.0,0.0,0.3,28.64,,2021-07-13 12:00:00+00:00,2021-07-13 12:28:00,39.3908,61.924423,0.0,0.0,0.0,1014.1,13.202726,258.9965
,181,158,,5.78,22.34,0.0,0.0,6.9,6.55,0.3,38.84,,2021-07-17 11:00:00+00:00,2021-07-17 11:22:00,40.8308,85.670395,3.8,0.0,0.0,1020.8,11.792404,282.33908
,242,182,,1.95,18.59,2.75,0.0,0.0,0.0,0.3,21.64,,2021-07-07 11:00:00+00:00,2021-07-07 11:14:00,44.4308,73.03671,0.0,0.0,0.0,1018.1,5.692099,55.304783
,123,133,,2.37,22.45,2.75,0.0,0.0,0.0,0.3,25.5,,2021-07-29 20:00:00+00:00,2021-07-29 20:11:00,39.0308,83.74419,0.0,0.0,0.0,1013.2,6.151683,249.44386
,87,198,,8.74,34.73,2.75,0.0,0.0,0.0,0.3,37.78,,2021-07-21 23:00:00+00:00,2021-07-21 23:38:00,26.7908,95.63054,0.0,0.0,0.0,1011.7,4.379589,170.53775
,217,165,,6.94,35.4,2.75,0.0,0.0,0.0,0.3,38.45,,2021-07-05 09:00:00+00:00,2021-07-05 09:45:00,48.9308,56.36832,0.7,0.0,0.0,1013.0,11.367109,280.954
,259,69,,7.66,31.31,2.75,0.0,0.0,0.0,0.3,34.36,,2021-07-15 10:00:00+00:00,2021-07-15 10:22:00,45.4208,58.351383,0.1,0.0,0.0,1013.9,11.966954,285.7087
,92,35,,0.0,45.2,2.75,0.0,0.0,0.0,0.3,48.25,,2021-07-31 18:00:00+00:00,2021-07-31 18:38:00,32.4608,78.79072,0.0,0.0,0.0,1014.3,5.1165614,50.710617
,7,223,,0.93,13.2,0.0,0.0,3.0,0.0,0.3,16.5,,2021-07-13 12:00:00+00:00,2021-07-13 12:05:00,39.3908,61.924423,0.0,0.0,0.0,1014.1,13.202726,258.9965
,136,213,,5.83,32.95,2.75,0.0,0.0,0.0,0.3,36.0,,2021-07-02 13:00:00+00:00,2021-07-02 13:26:00,38.5808,88.96581,0.1,0.0,0.0,1015.5,4.3349743,85.23644
,161,227,,12.03,26.44,2.75,0.0,0.0,6.55,0.3,36.04,,2021-07-02 13:00:00+00:00,2021-07-02 13:47:00,38.5808,88.96581,0.1,0.0,0.0,1015.5,4.3349743,85.23644
,14,39,,14.88,33.21,2.75,0.0,0.0,0.0,0.3,36.26,,2021-07-02 13:00:00+00:00,2021-07-02 13:30:00,38.5808,88.96581,0.1,0.0,0.0,1015.5,4.3349743,85.23644
,182,39,,19.94,48.53,2.75,0.0,0.0,6.55,0.3,58.13,,2021-07-17 12:00:00+00:00,2021-07-17 12:59:00,40.290802,98.26726,0.3,0.0,0.0,1021.5,9.227524,290.55612
,121,258,,1.05,25.59,2.75,0.0,0.0,0.0,0.3,28.64,,2021-07-29 21:00:00+00:00,2021-07-29 21:35:00,37.8608,87.66697,0.0,0.0,0.0,1013.4,6.12,270.0
,216,219,,5.52,18.58,2.75,0.0,0.0,0.0,0.3,21.63,,2021-07-30 01:00:00+00:00,2021-07-30 01:15:00,33.0008,98.922356,0.0,0.0,0.0,1014.6,3.2399998,270.0
,72,219,,10.22,49.35,2.75,0.0,0.0,0.0,0.3,52.4,,2021-07-19 15:00:00+00:00,2021-07-19 15:30:00,39.8408,75.23517,0.0,0.0,0.0,1012.9,4.198285,300.96368
,95,121,,3.32,18.95,2.75,0.0,0.0,0.0,0.3,22.0,,2021-07-19 15:00:00+00:00,2021-07-19 15:19:00,39.8408,75.23517,0.0,0.0,0.0,1012.9,4.198285,300.96368
,95,95,,1.32,12.39,2.75,0.0,0.0,0.0,0.3,15.44,,2021-07-19 15:00:00+00:00,2021-07-19 15:09:00,39.8408,75.23517,0.0,0.0,0.0,1012.9,4.198285,300.96368
,56,129,,2.57,15.89,2.75,0.0,0.0,0.0,0.3,18.94,,2021-07-19 15:00:00+00:00,2021-07-19 15:21:00,39.8408,75.23517,0.0,0.0,0.0,1012.9,4.198285,300.96368
,182,140,,9.04,32.01,0.0,0.0,8.5,6.55,0.3,50.11,,2021-07-19 16:00:00+00:00,2021-07-19 16:28:00,37.5008,80.962654,0.0,0.0,0.0,1013.3,1.609969,296.56497
,188,91,,3.69,17.94,2.75,0.0,0.0,0.0,0.3,20.99,,2021-07-07 11:00:00+00:00,2021-07-07 11:19:00,44.4308,73.03671,0.0,0.0,0.0,1018.1,5.692099,55.304783
,189,133,,3.18,24.63,2.75,0.0,0.0,0.0,0.3,27.68,,2021-07-07 11:00:00+00:00,2021-07-07 11:14:00,44.4308,73.03671,0.0,0.0,0.0,1018.1,5.692099,55.304783
,3,79,,13.68,40.61,2.75,0.0,0.0,6.55,0.3,50.21,,2021-07-07 11:00:00+00:00,2021-07-07 11:40:00,44.4308,73.03671,0.0,0.0,0.0,1018.1,5.692099,55.304783
,72,123,,4.72,20.22,2.75,0.0,0.0,0.0,0.3,23.27,,2021-07-07 11:00:00+00:00,2021-07-07 11:22:00,44.4308,73.03671,0.0,0.0,0.0,1018.1,5.692099,55.304783
,25,49,,1.41,15.45,2.75,0.0,0.0,0.0,0.3,18.5,,2021-07-05 11:00:00+00:00,2021-07-05 11:10:00,49.6508,51.427544,0.1,0.0,0.0,1012.0,10.182337,261.87
,155,17,,7.81,36.45,2.75,0.0,0.0,0.0,0.3,39.5,,2021-07-31 19:00:00+00:00,2021-07-31 19:33:00,31.5608,78.71278,0.0,0.0,0.0,1013.9,6.2145634,79.99209
,247,69,,1.21,11.8,5.5,0.0,0.0,0.0,0.3,17.6,,2021-07-17 13:00:00+00:00,2021-07-17 13:09:00,39.0308,89.94171,0.0,0.0,0.0,1022.1,5.8048253,262.8751
,235,159,,3.79,23.21,2.75,0.0,0.0,0.0,0.3,26.26,,2021-07-22 06:00:00+00:00,2021-07-22 06:07:00,44.5208,53.913296,0.5,0.0,0.0,1010.3,13.084402,262.09293
,24,31,,8.99,34.56,2.75,0.0,0.0,0.0,0.3,37.61,,2021-07-19 17:00:00+00:00,2021-07-19 17:36:00,31.3808,92.95771,0.0,0.0,0.0,1013.0,2.4149535,26.564985
,116,42,,1.48,17.69,2.75,0.0,0.0,0.0,0.3,20.74,,2021-07-05 12:00:00+00:00,2021-07-05 12:09:00,47.1308,52.171474,0.1,0.0,0.0,1013.5,9.83268,246.25049
,242,213,,3.7,22.79,2.75,0.0,0.0,0.0,0.3,25.84,,2021-07-15 11:00:00+00:00,2021-07-15 11:13:00,44.2508,66.53344,0.1,0.0,0.0,1014.3,6.0347,252.64589
,152,248,,6.34,22.53,5.5,0.0,0.0,0.0,0.3,28.33,,2021-07-31 21:00:00+00:00,2021-07-31 21:17:00,30.6608,72.3829,0.0,0.0,0.0,1012.9,9.47012,81.25392
,165,135,,7.58,49.59,2.75,0.0,0.0,0.0,0.3,52.64,,2021-07-31 22:00:00+00:00,2021-07-31 22:43:00,31.4708,66.93271,0.0,0.0,0.0,1012.6,9.746631,85.76369
,95,260,,4.24,14.64,0.0,0.0,3.32,0.0,0.3,18.26,,2021-07-31 22:00:00+00:00,2021-07-31 22:29:00,31.4708,66.93271,0.0,0.0,0.0,1012.6,9.746631,85.76369
,85,72,,2.37,21.37,2.75,0.0,0.0,0.0,0.3,24.42,,2021-07-17 13:00:00+00:00,2021-07-17 13:17:00,39.0308,89.94171,0.0,0.0,0.0,1022.1,5.8048253,262.8751
,119,244,,1.58,29.66,2.75,0.0,0.0,0.0,0.3,32.71,,2021-07-13 13:00:00+00:00,2021-07-13 13:16:00,37.6808,69.46373,0.0,0.0,0.0,1015.0,9.779817,263.6599
,134,135,,0.76,23.52,2.75,0.0,0.0,0.0,0.3,26.57,,2021-07-13 13:00:00+00:00,2021-07-13 13:08:00,37.6808,69.46373,0.0,0.0,0.0,1015.0,9.779817,263.6599
,35,170,,11.54,21.71,2.75,0.0,0.0,6.55,0.3,31.31,,2021-07-23 20:00:00+00:00,2021-07-23 20:57:00,29.4008,75.32693,0.0,0.0,0.0,1013.2,5.8603754,100.619606
,177,164,,8.44,28.26,2.75,0.0,0.0,0.0,0.3,31.31,,2021-07-23 21:00:00+00:00,2021-07-23 21:42:00,29.0408,75.00611,0.0,0.0,0.0,1013.1,7.42159,104.03627
,181,89,,4.72,17.69,0.0,0.0,6.0,0.0,0.3,23.99,,2021-07-23 21:00:00+00:00,2021-07-23 21:21:00,29.0408,75.00611,0.0,0.0,0.0,1013.1,7.42159,104.03627
,76,177,,2.03,23.31,2.75,0.0,0.0,0.0,0.3,26.36,,2021-07-19 17:00:00+00:00,2021-07-19 17:21:00,31.3808,92.95771,0.0,0.0,0.0,1013.0,2.4149535,26.564985
,196,215,,5.74,39.56,2.75,0.0,0.0,0.0,0.3,42.61,,2021-07-19 18:00:00+00:00,2021-07-19 18:28:00,30.570799,94.65643,0.0,0.0,0.0,1012.9,3.319036,77.4712
,188,65,,3.59,25.4,2.75,0.0,0.0,0.0,0.3,28.45,,2021-07-22 08:00:00+00:00,2021-07-22 08:24:00,46.860798,53.67472,0.0,0.0,0.0,1009.1,15.188415,275.44025
,257,100,,11.12,21.5,2.75,0.0,0.0,6.55,0.3,31.1,,2021-07-15 12:00:00+00:00,2021-07-15 12:41:00,44.160797,61.21568,0.1,0.0,0.0,1014.8,8.209263,254.74483
,81,254,,1.58,20.07,2.75,0.0,0.0,0.0,0.3,23.12,,2021-07-30 06:00:00+00:00,2021-07-30 06:07:00,47.4908,49.439075,0.0,0.0,0.0,1013.0,16.595179,266.26868
,131,28,,1.37,20.65,2.75,0.0,0.0,0.0,0.3,23.7,,2021-07-28 09:00:00+00:00,2021-07-28 09:06:00,51.9008,61.163612,0.1,0.0,0.0,1008.1,4.73506,98.74608
,116,137,,7.39,32.58,0.0,0.0,7.32,0.0,0.3,42.95,,2021-07-17 14:00:00+00:00,2021-07-17 14:31:00,36.9608,97.19927,0.0,0.0,0.0,1021.5,4.802999,167.00539
,213,174,,4.77,25.95,2.75,0.0,0.0,0.0,0.3,29.0,,2021-07-13 13:00:00+00:00,2021-07-13 13:19:00,37.6808,69.46373,0.0,0.0,0.0,1015.0,9.779817,263.6599
,33,89,,5.26,25.4,2.75,0.0,0.0,0.0,0.3,28.45,,2021-07-13 14:00:00+00:00,2021-07-13 14:29:00,35.1608,84.092224,0.0,0.0,0.0,1015.3,6.924738,261.02747
,145,243,,10.99,35.54,0.0,0.0,10.66,0.0,0.3,49.25,,2021-07-23 23:00:00+00:00,2021-07-23 23:29:00,28.6808,74.11925,0.0,0.0,0.0,1013.1,9.72,90.0
,220,163,,10.94,36.49,2.75,0.0,0.0,3.0,0.3,42.54,,2021-07-22 09:00:00+00:00,2021-07-22 09:31:00,47.220802,48.318817,0.0,0.0,0.0,1008.9,16.62249,274.96964
,39,71,,2.56,18.95,2.75,0.0,0.0,0.0,0.3,22.0,,2021-07-19 19:00:00+00:00,2021-07-19 19:16:00,29.2208,96.74284,0.0,0.0,0.0,1012.3,4.3349743,85.23644
,196,196,,1.27,12.39,2.75,0.0,0.0,0.0,0.3,15.44,,2021-07-07 13:00:00+00:00,2021-07-07 13:10:00,44.700798,72.03322,0.0,0.0,0.0,1018.8,4.452954,14.036275
,91,25,,5.92,26.81,2.75,0.0,0.0,0.0,0.3,29.86,,2021-07-07 13:00:00+00:00,2021-07-07 13:31:00,44.700798,72.03322,0.0,0.0,0.0,1018.8,4.452954,14.036275
,135,196,,3.19,22.45,2.75,0.0,0.0,0.0,0.3,25.5,,2021-07-15 12:00:00+00:00,2021-07-15 12:21:00,44.160797,61.21568,0.1,0.0,0.0,1014.8,8.209263,254.74483
,35,234,,11.24,21.71,2.75,0.0,0.0,6.55,0.3,31.31,,2021-07-15 12:00:00+00:00,2021-07-15 12:49:00,44.160797,61.21568,0.1,0.0,0.0,1014.8,8.209263,254.74483
,95,130,,2.27,21.26,2.75,0.0,0.0,0.0,0.3,24.31,,2021-07-05 13:00:00+00:00,2021-07-05 13:11:00,45.6908,61.866787,0.0,0.0,0.0,1013.4,4.3349743,221.63345
,169,42,,5.22,25.95,2.75,0.0,0.0,0.0,0.3,29.0,,2021-07-05 13:00:00+00:00,2021-07-05 13:26:00,45.6908,61.866787,0.0,0.0,0.0,1013.4,4.3349743,221.63345
,219,76,,6.29,33.06,2.75,0.0,0.0,0.0,0.3,36.11,,2021-07-30 07:00:00+00:00,2021-07-30 07:20:00,47.9408,49.148376,0.0,0.0,0.0,1012.6,17.654688,272.33725
,95,226,,5.67,25.21,2.75,0.0,0.0,0.0,0.3,28.26,,2021-07-30 07:00:00+00:00,2021-07-30 07:15:00,47.9408,49.148376,0.0,0.0,0.0,1012.6,17.654688,272.33725
,10,197,,2.7,22.11,5.5,0.0,0.0,0.0,0.3,27.91,,2021-07-30 08:00:00+00:00,2021-07-30 08:11:00,47.220802,52.56739,0.0,0.0,0.0,1012.9,18.775301,274.39862
,18,159,,5.65,24.61,1.35,0.0,0.0,0.0,0.3,26.26,,2021-07-28 09:00:00+00:00,2021-07-28 09:27:00,51.9008,61.163612,0.1,0.0,0.0,1008.1,4.73506,98.74608
,78,185,,2.04,18.59,2.75,0.0,0.0,0.0,0.3,21.64,,2021-07-28 10:00:00+00:00,2021-07-28 10:11:00,53.160797,61.761112,0.3,0.0,0.0,1007.3,10.105681,274.08554
,116,213,,6.94,36.45,2.75,0.0,0.0,0.0,0.3,39.5,,2021-07-02 17:00:00+00:00,2021-07-02 17:33:00,32.6408,92.99679,0.0,0.0,0.0,1015.7,6.489992,109.440125
,188,35,,1.73,21.37,2.75,0.0,0.0,0.0,0.3,24.42,,2021-07-17 15:00:00+00:00,2021-07-17 15:13:00,33.0008,100.0,0.0,0.0,0.0,1021.1,5.8048253,172.87508
,191,134,,6.65,24.86,2.75,0.0,0.0,0.0,0.3,27.91,,2021-07-09 13:00:00+00:00,2021-07-09 13:25:00,53.2508,40.66306,0.0,0.0,0.0,1012.8,6.638072,257.4712
,19,134,,8.56,32.81,2.75,0.0,0.0,0.0,0.3,35.86,,2021-07-13 15:00:00+00:00,2021-07-13 15:29:00,33.450798,85.8474,0.1,0.0,0.0,1015.5,7.289444,249.77505
,141,41,,3.89,22.29,2.75,0.0,0.0,0.0,0.3,25.34,,2021-07-13 15:00:00+00:00,2021-07-13 15:34:00,33.450798,85.8474,0.1,0.0,0.0,1015.5,7.289444,249.77505
,255,89,,9.37,43.45,2.75,0.0,0.0,0.0,0.3,46.5,,2021-07-24 00:00:00+00:00,2021-07-24 00:28:00,25.3508,78.76657,0.0,0.0,0.0,1013.6,9.726665,87.87895
,179,129,,3.68,15.15,0.0,0.0,0.0,0.0,0.3,15.45,,2021-07-24 00:00:00+00:00,2021-07-24 00:18:00,25.3508,78.76657,0.0,0.0,0.0,1013.6,9.726665,87.87895
,225,130,,4.94,41.05,2.75,0.0,0.0,0.0,0.3,44.1,,2021-07-22 09:00:00+00:00,2021-07-22 09:26:00,47.220802,48.318817,0.0,0.0,0.0,1008.9,16.62249,274.96964
,56,233,,7.62,22.48,5.5,0.0,0.0,6.55,0.3,34.83,,2021-07-22 09:00:00+00:00,2021-07-22 09:29:00,47.220802,48.318817,0.0,0.0,0.0,1008.9,16.62249,274.96964
,248,51,,5.97,24.9,5.5,0.0,0.0,0.0,0.3,30.7,,2021-07-11 14:00:00+00:00,2021-07-11 14:18:00,36.3308,95.81345,1.0,0.0,0.0,1018.3,6.151683,249.44386
,219,254,,12.07,66.4,2.75,0.0,0.0,6.55,0.3,76.0,,2021-07-11 14:00:00+00:00,2021-07-11 15:00:00,36.3308,95.81345,1.0,0.0,0.0,1018.3,6.151683,249.44386
,76,228,,17.8,40.27,0.0,0.0,3.56,0.0,0.3,44.13,,2021-07-17 16:00:00+00:00,2021-07-17 16:40:00,30.570799,100.0,0.0,0.0,0.0,1021.2,4.8965297,143.97253
,69,208,,5.48,27.21,2.75,0.0,0.0,0.0,0.3,30.26,,2021-07-13 15:00:00+00:00,2021-07-13 15:26:00,33.450798,85.8474,0.1,0.0,0.0,1015.5,7.289444,249.77505
,85,89,,0.88,13.95,2.75,0.0,0.0,0.0,0.3,17.0,,2021-07-13 15:00:00+00:00,2021-07-13 15:06:00,33.450798,85.8474,0.1,0.0,0.0,1015.5,7.289444,249.77505
,74,41,,1.58,15.45,2.75,0.0,0.0,0.0,0.3,18.5,,2021-07-22 09:00:00+00:00,2021-07-22 09:11:00,47.220802,48.318817,0.0,0.0,0.0,1008.9,16.62249,274.96964
,129,193,,2.62,14.31,0.0,0.0,1.75,0.0,0.3,16.36,,2021-07-22 09:00:00+00:00,2021-07-22 09:14:00,47.220802,48.318817,0.0,0.0,0.0,1008.9,16.62249,274.96964
,75,74,,1.2,20.65,2.75,0.0,0.0,0.0,0.3,23.7,,2021-07-22 09:00:00+00:00,2021-07-22 09:08:00,47.220802,48.318817,0.0,0.0,0.0,1008.9,16.62249,274.96964
,61,259,,23.41,67.35,2.75,0.0,0.0,13.1,0.3,83.5,,2021-07-20 06:00:00+00:00,2021-07-20 06:46:00,47.4008,47.816414,0.1,0.0,0.0,1008.5,9.178235,295.5599
,14,170,,11.58,26.44,2.75,0.0,0.0,6.55,0.3,36.04,,2021-07-20 07:00:00+00:00,2021-07-20 07:23:00,45.8708,54.314358,0.1,0.0,0.0,1008.9,7.653705,311.18582
,242,51,,5.03,18.96,2.75,0.0,0.0,0.0,0.3,22.01,,2021-07-07 14:00:00+00:00,2021-07-07 14:17:00,43.7108,75.60636,0.0,0.0,0.0,1019.0,2.6208394,15.945477
,20,69,,3.86,22.45,2.75,0.0,0.0,0.0,0.3,25.5,,2021-07-30 08:00:00+00:00,2021-07-30 08:18:00,47.220802,52.56739,0.0,0.0,0.0,1012.9,18.775301,274.39862
,39,28,,11.65,30.91,2.75,0.0,0.0,0.0,0.3,33.96,,2021-07-30 09:00:00+00:00,2021-07-30 09:34:00,47.040802,53.11807,0.0,0.0,0.0,1013.1,19.8,270.0
,71,76,,5.81,23.83,2.75,0.0,0.0,0.0,0.3,26.88,,2021-07-05 16:00:00+00:00,2021-07-05 16:18:00,35.9708,83.23355,0.0,0.0,0.0,1014.7,3.319036,130.60121
,247,169,,3.0,18.95,2.75,0.0,0.0,0.0,0.3,22.0,,2021-07-02 18:00:00+00:00,2021-07-02 18:19:00,30.3008,94.30251,0.0,0.0,0.0,1015.7,6.1305785,130.23628
,14,133,,3.54,19.73,2.75,0.0,0.0,0.0,0.3,22.78,,2021-07-02 18:00:00+00:00,2021-07-02 18:19:00,30.3008,94.30251,0.0,0.0,0.0,1015.7,6.1305785,130.23628
,63,37,,5.09,23.31,2.75,0.0,0.0,0.0,0.3,26.36,,2021-07-17 17:00:00+00:00,2021-07-17 17:29:00,30.6608,98.5501,0.0,0.0,0.0,1020.4,4.39436,124.992096
,242,208,,3.12,18.82,2.75,0.5,0.0,0.0,0.3,22.37,,2021-07-09 14:00:00+00:00,2021-07-09 14:13:00,51.9008,37.14166,0.0,0.0,0.0,1012.9,4.73506,261.2539
,185,41,,7.45,28.01,2.75,0.0,0.0,6.55,0.3,37.61,,2021-07-09 14:00:00+00:00,2021-07-09 14:41:00,51.9008,37.14166,0.0,0.0,0.0,1012.9,4.73506,261.2539
,197,203,,7.82,34.86,2.75,0.0,0.0,0.0,0.3,37.91,,2021-07-13 16:00:00+00:00,2021-07-13 16:27:00,34.3508,83.42529,0.0,0.0,0.0,1016.2,6.8777895,222.87889
,72,225,,2.23,21.7,0.0,0.0,0.0,0.0,0.3,22.0,,2021-07-13 16:00:00+00:00,2021-07-13 16:17:00,34.3508,83.42529,0.0,0.0,0.0,1016.2,6.8777895,222.87889
,242,185,,0.95,21.34,0.0,0.0,0.0,0.0,0.3,21.64,,2021-07-22 10:00:00+00:00,2021-07-22 10:04:00,47.1308,44.363083,0.0,0.0,0.0,1008.8,16.215992,272.54474
,76,55,,11.13,35.99,2.75,0.0,0.0,0.0,0.3,39.04,,2021-07-07 15:00:00+00:00,2021-07-07 15:32:00,39.8408,84.398895,0.0,0.0,0.0,1019.2,2.7416782,113.19862
,240,159,,8.95,23.21,2.75,0.0,0.0,0.0,0.3,26.26,,2021-07-30 09:00:00+00:00,2021-07-30 09:22:00,47.040802,53.11807,0.0,0.0,0.0,1013.1,19.8,270.0
,41,212,,6.6,25.28,2.75,0.0,0.0,0.0,0.3,28.33,,2021-07-30 09:00:00+00:00,2021-07-30 09:24:00,47.040802,53.11807,0.0,0.0,0.0,1013.1,19.8,270.0
,61,80,,3.43,18.38,0.0,0.0,3.49,0.0,0.3,22.17,,2021-07-05 19:00:00+00:00,2021-07-05 19:17:00,31.0208,90.251076,0.0,0.0,0.0,1014.3,5.3517847,109.653915
,168,75,,2.63,24.32,2.75,0.0,0.0,0.0,0.3,27.37,,2021-07-28 11:00:00+00:00,2021-07-28 11:22:00,52.1708,65.85955,0.9,0.0,0.0,1007.3,11.252519,277.3523
,129,193,,2.94,22.45,2.75,0.0,0.0,0.0,0.3,25.5,,2021-07-02 19:00:00+00:00,2021-07-02 19:19:00,27.6008,96.71881,0.0,0.0,0.0,1015.2,5.6002855,135.0001
,47,94,,2.04,23.21,2.75,0.0,0.0,0.0,0.3,26.26,,2021-07-02 19:00:00+00:00,2021-07-02 19:13:00,27.6008,96.71881,0.0,0.0,0.0,1015.2,5.6002855,135.0001
,228,77,,6.94,33.21,2.75,0.0,0.0,0.0,0.3,36.26,,2021-07-02 20:00:00+00:00,2021-07-02 20:39:00,26.5208,97.79086,0.0,0.0,0.0,1014.8,4.8965297,143.97253
,244,246,,7.46,24.96,0.0,0.0,4.0,0.0,0.3,32.01,,2021-07-02 20:00:00+00:00,2021-07-02 20:20:00,26.5208,97.79086,0.0,0.0,0.0,1014.8,4.8965297,143.97253
,181,179,,14.11,32.01,2.75,0.0,0.0,0.0,0.3,35.06,,2021-07-17 18:00:00+00:00,2021-07-17 18:35:00,28.5908,98.53635,0.0,0.0,0.0,1019.9,4.6102495,128.65984
,137,35,,10.81,28.26,2.75,0.0,0.0,0.0,0.3,31.31,,2021-07-17 18:00:00+00:00,2021-07-17 18:44:00,28.5908,98.53635,0.0,0.0,0.0,1019.9,4.6102495,128.65984
,131,218,,3.56,21.57,2.75,0.0,0.0,0.0,0.3,24.62,,2021-07-13 17:00:00+00:00,2021-07-13 17:20:00,33.8108,83.38792,0.0,0.0,0.0,1016.3,6.763786,205.2011
,7,7,,1.38,16.83,2.75,0.0,0.0,0.0,0.3,19.88,,2021-07-11 16:00:00+00:00,2021-07-11 16:13:00,34.6208,94.751854,0.0,0.0,0.0,1018.2,6.924738,188.97255
,55,76,,10.08,35.99,2.75,0.0,0.0,0.0,0.3,39.04,,2021-07-11 17:00:00+00:00,2021-07-11 17:24:00,36.3308,91.453896,0.0,0.0,0.0,1017.6,6.989936,214.50858
,196,95,,1.32,15.45,2.75,0.0,0.0,0.0,0.3,18.5,,2021-07-15 14:00:00+00:00,2021-07-15 14:07:00,39.6608,78.5472,0.0,0.0,0.0,1016.9,3.0547013,224.9999
,210,47,,23.85,59.27,5.5,0.0,0.0,6.55,0.3,71.62,,2021-07-15 15:00:00+00:00,2021-07-15 17:04:00,37.6808,83.65313,0.0,0.0,0.0,1017.1,3.396233,122.00535
,116,141,,5.34,24.67,2.75,0.0,0.0,0.0,0.3,27.72,,2021-07-30 09:00:00+00:00,2021-07-30 09:28:00,47.040802,53.11807,0.0,0.0,0.0,1013.1,19.8,270.0
,116,244,,1.7,13.2,0.0,0.0,3.0,0.0,0.3,16.5,,2021-07-30 09:00:00+00:00,2021-07-30 09:11:00,47.040802,53.11807,0.0,0.0,0.0,1013.1,19.8,270.0
,213,42,,4.22,23.55,2.75,0.0,0.0,0.0,0.3,26.6,,2021-07-30 10:00:00+00:00,2021-07-30 10:19:00,45.7808,56.113808,0.1,0.0,0.0,1013.5,18.806337,264.50778
,89,178,,2.61,22.45,2.75,0.0,0.0,0.0,0.3,25.5,,2021-07-30 10:00:00+00:00,2021-07-30 10:13:00,45.7808,56.113808,0.1,0.0,0.0,1013.5,18.806337,264.50778
,29,14,,5.55,24.93,2.75,0.0,0.0,0.0,0.3,27.98,,2021-07-05 19:00:00+00:00,2021-07-05 19:14:00,31.0208,90.251076,0.0,0.0,0.0,1014.3,5.3517847,109.653915
,41,159,,2.48,21.74,1.35,0.0,0.0,0.0,0.3,23.39,,2021-07-28 11:00:00+00:00,2021-07-28 11:18:00,52.1708,65.85955,0.9,0.0,0.0,1007.3,11.252519,277.3523
,131,95,,3.28,21.26,2.75,0.0,0.0,0.0,0.3,24.31,,2021-07-28 12:00:00+00:00,2021-07-28 12:09:00,50.5508,67.29025,0.1,0.0,0.0,1008.3,8.28,270.0
,76,51,,19.27,54.37,2.75,0.0,0.0,6.55,0.3,63.97,,2021-07-28 12:00:00+00:00,2021-07-28 12:44:00,50.5508,67.29025,0.1,0.0,0.0,1008.3,8.28,270.0
,51,78,,0.0,23.76,2.75,0.0,0.0,0.0,0.3,26.81,,2021-07-28 12:00:00+00:00,2021-07-28 12:28:00,50.5508,67.29025,0.1,0.0,0.0,1008.3,8.28,270.0
,61,35,,1.56,16.73,2.75,0.0,0.0,0.0,0.3,19.78,,2021-07-02 20:00:00+00:00,2021-07-02 20:09:00,26.5208,97.79086,0.0,0.0,0.0,1014.8,4.8965297,143.97253
,129,28,,4.64,20.79,0.0,0.0,2.35,0.0,0.3,23.44,,2021-07-02 21:00:00+00:00,2021-07-02 21:25:00,26.0708,100.0,0.0,0.0,0.0,1014.6,4.072935,135.0001
,35,194,,18.44,35.29,2.75,0.0,0.0,6.55,0.3,44.89,,2021-07-02 22:00:00+00:00,2021-07-02 22:48:00,25.7108,99.627365,0.0,0.0,0.0,1014.5,3.319036,139.39879
,250,167,,4.3,21.26,2.75,0.0,0.0,0.0,0.3,24.31,,2021-07-09 16:00:00+00:00,2021-07-09 16:31:00,47.4008,39.251682,0.0,0.0,0.0,1014.0,2.968636,255.96373
,197,177,,0.0,34.07,1.35,0.0,0.0,0.0,0.3,35.72,,2021-07-09 16:00:00+00:00,2021-07-09 16:42:00,47.4008,39.251682,0.0,0.0,0.0,1014.0,2.968636,255.96373
,116,74,,11.04,41.11,2.75,0.0,0.0,0.0,0.3,44.16,,2021-07-17 20:00:00+00:00,2021-07-17 20:30:00,27.5108,96.71746,0.0,0.0,0.0,1018.5,5.0911684,135.0001
,254,195,,22.06,58.3,2.75,0.0,0.0,13.1,0.3,74.45,,2021-07-22 11:00:00+00:00,2021-07-22 11:45:00,45.6008,44.61099,0.0,0.0,0.0,1009.4,15.5843,276.63242
,7,223,,1.16,15.45,2.75,0.0,0.0,0.0,0.3,18.5,,2021-07-11 18:00:00+00:00,2021-07-11 18:09:00,35.9708,90.13303,0.0,0.0,0.0,1017.4,7.289444,200.22495
,216,123,,7.23,54.25,2.75,0.0,0.0,0.0,0.3,57.3,,2021-07-11 18:00:00+00:00,2021-07-11 18:32:00,35.9708,90.13303,0.0,0.0,0.0,1017.4,7.289444,200.22495
,3,182,,2.34,18.59,2.75,0.0,0.0,0.0,0.3,21.64,,2021-07-15 15:00:00+00:00,2021-07-15 15:15:00,37.6808,83.65313,0.0,0.0,0.0,1017.1,3.396233,122.00535
,89,93,,13.9,70.57,0.0,0.0,0.0,0.0,0.3,70.87,,2021-07-15 15:00:00+00:00,2021-07-15 16:14:00,37.6808,83.65313,0.0,0.0,0.0,1017.1,3.396233,122.00535
,210,174,,34.63,71.85,2.75,0.0,0.0,6.55,0.3,81.45,,2021-07-20 09:00:00+00:00,2021-07-20 09:55:00,43.4408,73.98299,1.9,0.0,0.0,1009.6,11.592895,295.76926
,47,215,,15.42,49.27,0.0,0.0,5.61,6.55,0.3,61.73,,2021-07-20 09:00:00+00:00,2021-07-20 09:39:00,43.4408,73.98299,1.9,0.0,0.0,1009.6,11.592895,295.76926
,14,49,,7.3,28.34,5.5,0.0,0.0,0.0,0.3,34.14,,2021-07-28 12:00:00+00:00,2021-07-28 12:36:00,50.5508,67.29025,0.1,0.0,0.0,1008.3,8.28,270.0
,42,74,,1.86,17.69,2.75,0.0,0.0,0.0,0.3,20.74,,2021-07-03 02:00:00+00:00,2021-07-03 02:12:00,35.8808,93.09581,0.0,0.0,0.0,1014.4,4.8965297,143.97253
,131,191,,1.57,21.47,2.75,0.0,0.0,0.0,0.3,24.52,,2021-07-09 17:00:00+00:00,2021-07-09 17:07:00,45.0608,41.921623,0.0,0.0,0.0,1014.1,3.219938,206.56499
,260,129,,2.26,21.45,2.75,0.0,0.0,0.0,0.3,24.5,,2021-07-09 17:00:00+00:00,2021-07-09 17:17:00,45.0608,41.921623,0.0,0.0,0.0,1014.1,3.219938,206.56499
,112,36,,3.73,18.0,0.0,0.0,4.07,0.0,0.3,22.37,,2021-07-17 21:00:00+00:00,2021-07-17 21:25:00,27.7808,96.006035,0.0,0.0,0.0,1017.7,4.072935,135.0001
,75,62,,13.37,54.25,2.75,0.0,0.0,0.0,0.3,57.3,,2021-07-13 21:00:00+00:00,2021-07-13 21:44:00,27.6008,93.53356,0.0,0.0,0.0,1016.2,7.5685663,177.27374
,213,78,,3.02,23.85,1.35,0.0,0.0,0.0,0.3,25.5,,2021-07-11 18:00:00+00:00,2021-07-11 18:15:00,35.9708,90.13303,0.0,0.0,0.0,1017.4,7.289444,200.22495
,49,97,,1.63,19.15,2.75,0.0,0.0,0.0,0.3,22.2,,2021-07-30 10:00:00+00:00,2021-07-30 10:14:00,45.7808,56.113808,0.1,0.0,0.0,1013.5,18.806337,264.50778
,170,3,,13.85,47.16,2.75,0.0,0.0,0.0,0.3,50.21,,2021-07-07 17:00:00+00:00,2021-07-07 18:08:00,32.4608,95.39308,0.0,0.0,0.0,1019.4,2.3051248,141.34016
,167,18,,3.37,15.38,0.0,0.0,0.0,0.0,0.3,15.68,,2021-07-07 18:00:00+00:00,2021-07-07 18:27:00,31.2908,96.77316,0.0,0.0,0.0,1019.4,1.609969,116.56499
,254,87,,17.97,53.27,2.75,0.0,0.0,6.55,0.3,62.87,,2021-07-06 06:00:00+00:00,2021-07-06 06:31:00,42.090797,71.49685,1.2,0.0,0.0,1017.6,4.1046314,307.87503
,75,263,,0.68,16.58,2.75,0.0,0.0,0.0,0.3,19.63,,2021-07-28 13:00:00+00:00,2021-07-28 13:05:00,48.9308,72.983986,0.1,0.0,0.0,1009.2,9.3669195,272.20255
,205,218,,2.42,18.58,2.75,0.0,0.0,0.0,0.3,21.63,,2021-07-26 14:00:00+00:00,2021-07-26 14:13:00,47.6708,78.125496,0.0,0.0,0.0,1014.9,9.826088,298.4428
,259,89,,24.8,61.85,2.75,0.0,0.0,9.55,0.3,74.45,,2021-07-26 14:00:00+00:00,2021-07-26 15:05:00,47.6708,78.125496,0.0,0.0,0.0,1014.9,9.826088,298.4428
,42,238,,2.85,18.95,2.75,0.0,0.0,0.0,0.3,22.0,,2021-07-26 14:00:00+00:00,2021-07-26 14:19:00,47.6708,78.125496,0.0,0.0,0.0,1014.9,9.826088,298.4428
,159,243,,4.96,20.38,0.0,0.0,4.6,0.0,0.3,25.28,,2021-07-09 18:00:00+00:00,2021-07-09 18:42:00,42.720802,45.49492,0.0,0.0,0.0,1014.3,4.896529,197.10281
,121,72,,8.73,46.88,2.75,0.0,0.0,0.0,0.3,49.93,,2021-07-09 18:00:00+00:00,2021-07-09 18:30:00,42.720802,45.49492,0.0,0.0,0.0,1014.3,4.896529,197.10281
,32,228,,21.77,58.1,2.75,0.0,0.0,6.55,0.3,67.7,,2021-07-03 07:00:00+00:00,2021-07-03 07:34:00,49.200798,60.155552,0.0,0.0,0.0,1012.0,10.308831,257.90524
,94,75,,7.03,35.79,2.75,0.0,0.0,0.0,0.3,38.84,,2021-07-03 08:00:00+00:00,2021-07-03 08:19:00,49.9208,57.120274,0.0,0.0,0.0,1011.2,13.797913,254.87593
,169,174,,2.91,17.59,2.75,0.0,0.0,0.0,0.3,20.64,,2021-07-03 08:00:00+00:00,2021-07-03 08:12:00,49.9208,57.120274,0.0,0.0,0.0,1011.2,13.797913,254.87593
,42,193,,6.51,24.47,2.75,0.0,0.0,6.55,0.3,34.07,,2021-07-22 12:00:00+00:00,2021-07-22 12:23:00,44.4308,45.773808,0.0,0.0,0.0,1009.8,9.885262,280.49142
,116,186,,6.91,32.91,2.75,0.0,0.0,0.0,0.3,35.96,,2021-07-24 12:00:00+00:00,2021-07-24 12:23:00,53.7008,40.73673,0.0,0.0,0.0,1014.4,11.592895,295.76926
,66,68,,4.03,16.97,0.0,0.0,4.39,0.0,0.3,24.41,,2021-07-11 22:00:00+00:00,2021-07-11 22:17:00,34.5308,87.49116,0.3,0.0,0.0,1015.3,5.315336,151.69934
,72,37,,2.97,16.73,2.75,0.0,0.0,0.0,0.3,19.78,,2021-07-20 11:00:00+00:00,2021-07-20 11:25:00,41.2808,83.300896,1.8,0.0,0.0,1011.0,11.592895,295.76926
,131,164,,12.96,38.09,2.75,0.0,0.0,6.55,0.3,47.69,,2021-07-30 11:00:00+00:00,2021-07-30 11:50:00,45.9608,54.725998,0.0,0.0,0.0,1013.1,18.72346,268.89832
,205,65,,16.34,56.08,2.75,0.0,0.0,0.0,0.3,59.13,,2021-07-06 07:00:00+00:00,2021-07-06 07:55:00,43.1708,68.34583,0.0,0.0,0.0,1015.7,4.379589,260.53775
,177,155,,3.98,26.27,2.75,0.0,0.0,0.0,0.3,29.32,,2021-07-28 13:00:00+00:00,2021-07-28 13:23:00,48.9308,72.983986,0.1,0.0,0.0,1009.2,9.3669195,272.20255
,150,4,,18.23,39.55,2.75,0.0,0.0,6.55,0.3,49.15,,2021-07-28 13:00:00+00:00,2021-07-28 13:32:00,48.9308,72.983986,0.1,0.0,0.0,1009.2,9.3669195,272.20255
,33,188,,4.68,25.4,2.75,0.0,0.0,0.0,0.3,28.45,,2021-07-28 13:00:00+00:00,2021-07-28 13:34:00,48.9308,72.983986,0.1,0.0,0.0,1009.2,9.3669195,272.20255
,215,205,,1.51,16.85,1.35,0.0,0.0,0.0,0.3,18.5,,2021-07-26 15:00:00+00:00,2021-07-26 15:09:00,47.7608,70.59744,0.0,0.0,0.0,1015.6,7.628263,289.29013
,41,68,,6.05,20.31,0.0,0.0,4.58,0.0,0.3,27.94,,2021-07-09 19:00:00+00:00,2021-07-09 19:26:00,40.5608,48.889862,0.0,0.0,0.0,1014.3,5.904439,232.43134
,76,72,,2.33,23.83,2.75,0.0,0.0,0.0,0.3,26.88,,2021-07-18 07:00:00+00:00,2021-07-18 07:10:00,46.0508,72.17579,1.8,0.0,0.0,1015.5,12.55879,297.2995
,85,222,,4.83,23.83,2.75,0.0,0.0,0.0,0.3,26.88,,2021-07-03 08:00:00+00:00,2021-07-03 08:26:00,49.9208,57.120274,0.0,0.0,0.0,1011.2,13.797913,254.87593
,130,134,,2.15,19.05,2.75,0.0,0.0,0.0,0.3,22.1,,2021-07-03 09:00:00+00:00,2021-07-03 09:08:00,49.3808,51.572613,0.1,0.0,0.0,1011.0,12.144331,258.0239
,242,69,,5.9,26.77,2.75,0.5,0.0,0.0,0.3,30.32,,2021-07-03 09:00:00+00:00,2021-07-03 09:17:00,49.3808,51.572613,0.1,0.0,0.0,1011.0,12.144331,258.0239
,200,246,,28.92,74.31,2.75,0.0,0.0,3.0,0.3,80.36,,2021-07-24 12:00:00+00:00,2021-07-24 13:20:00,53.7008,40.73673,0.0,0.0,0.0,1014.4,11.592895,295.76926
,139,76,,9.31,33.06,2.75,0.0,0.0,0.0,0.3,36.11,,2021-07-07 20:00:00+00:00,2021-07-07 20:22:00,29.4008,97.819725,0.0,0.0,0.0,1019.0,1.4399999,90.0
,25,181,,1.5,11.0,0.0,0.0,2.51,0.0,0.3,13.81,,2021-07-07 20:00:00+00:00,2021-07-07 20:10:00,29.4008,97.819725,0.0,0.0,0.0,1019.0,1.4399999,90.0
,147,119,,3.13,19.24,2.75,0.0,0.0,0.0,0.3,22.29,,2021-07-28 13:00:00+00:00,2021-07-28 13:22:00,48.9308,72.983986,0.1,0.0,0.0,1009.2,9.3669195,272.20255
,238,57,,10.26,30.59,2.75,0.0,0.0,6.55,0.3,40.19,,2021-07-09 20:00:00+00:00,2021-07-09 20:25:00,41.4608,47.038937,0.0,0.0,0.0,1014.8,9.3669195,267.79745
,33,37,,4.06,16.47,0.0,0.0,1.86,0.0,0.3,18.63,,2021-07-09 21:00:00+00:00,2021-07-09 21:16:00,42.0008,47.662846,0.0,0.0,0.0,1015.0,6.4096174,218.15727
,212,174,,5.1,23.09,2.75,0.0,0.0,0.0,0.3,26.14,,2021-07-18 08:00:00+00:00,2021-07-18 08:14:00,46.0508,73.7211,1.3,0.0,0.0,1015.3,5.00128,300.25635
,213,169,,4.65,20.53,2.75,0.0,0.0,0.0,0.3,23.58,,2021-07-18 08:00:00+00:00,2021-07-18 08:15:00,46.0508,73.7211,1.3,0.0,0.0,1015.3,5.00128,300.25635
,51,41,,11.48,39.7,2.75,0.0,0.0,0.0,0.3,42.75,,2021-07-18 09:00:00+00:00,2021-07-18 09:23:00,45.8708,71.901955,2.2,0.0,0.0,1015.1,12.661564,284.8265
,108,55,,1.76,17.69,2.75,0.0,0.0,0.0,0.3,20.74,,2021-07-03 09:00:00+00:00,2021-07-03 09:07:00,49.3808,51.572613,0.1,0.0,0.0,1011.0,12.144331,258.0239
,242,51,,3.27,22.45,2.75,0.0,0.0,0.0,0.3,25.5,,2021-07-22 13:00:00+00:00,2021-07-22 13:12:00,42.720802,54.644127,0.0,0.0,0.0,1010.4,8.28,270.0
,137,41,,6.07,28.23,2.75,0.0,0.0,0.0,0.3,31.28,,2021-07-22 13:00:00+00:00,2021-07-22 13:28:00,42.720802,54.644127,0.0,0.0,0.0,1010.4,8.28,270.0
,75,117,,25.54,55.04,2.75,0.0,0.0,9.0,0.3,67.09,,2021-07-22 13:00:00+00:00,2021-07-22 14:14:00,42.720802,54.644127,0.0,0.0,0.0,1010.4,8.28,270.0
,244,168,,3.91,19.66,2.75,0.0,0.0,0.0,0.3,22.71,,2021-07-22 13:00:00+00:00,2021-07-22 13:17:00,42.720802,54.644127,0.0,0.0,0.0,1010.4,8.28,270.0
,39,75,,0.0,36.5,2.75,0.0,0.0,6.55,0.3,46.1,,2021-07-14 07:00:00+00:00,2021-07-14 07:52:00,43.6208,46.50769,0.1,0.0,0.0,1013.6,19.559633,263.6599
,188,116,,8.13,40.4,2.75,0.0,0.0,6.55,0.3,50.0,,2021-07-24 13:00:00+00:00,2021-07-24 13:58:00,51.450798,51.148445,0.0,0.0,0.0,1014.9,8.225035,293.1986
,56,226,,5.39,21.45,2.75,0.0,0.0,0.0,0.3,24.5,,2021-07-20 12:00:00+00:00,2021-07-20 12:19:00,39.7508,94.20294,0.8,0.0,0.0,1012.2,6.130579,266.6336
,168,174,,7.11,23.21,2.75,0.0,0.0,0.0,0.3,26.26,,2021-07-20 12:00:00+00:00,2021-07-20 12:23:00,39.7508,94.20294,0.8,0.0,0.0,1012.2,6.130579,266.6336
,82,82,,0.5,15.89,2.75,0.0,0.0,0.0,0.3,18.94,,2021-07-30 13:00:00+00:00,2021-07-30 13:03:00,42.2708,61.182064,0.0,0.0,0.0,1014.6,12.6462,265.10098
,71,33,,4.7,25.4,2.75,0.0,0.0,0.0,0.3,28.45,,2021-07-26 17:00:00+00:00,2021-07-26 17:24:00,44.8808,77.06531,0.0,0.0,0.0,1015.9,3.2599385,263.6599
,65,77,,0.0,30.99,2.75,0.0,0.0,0.0,0.3,34.04,,2021-07-26 17:00:00+00:00,2021-07-26 17:42:00,44.8808,77.06531,0.0,0.0,0.0,1015.9,3.2599385,263.6599
,25,21,,5.98,22.45,0.0,0.0,5.05,0.0,0.3,27.8,,2021-07-09 22:00:00+00:00,2021-07-09 22:25:00,39.7508,55.221535,0.0,0.0,0.0,1015.2,4.802999,192.99461
,102,130,,5.35,24.59,2.75,0.0,0.0,0.0,0.3,27.64,,2021-07-18 09:00:00+00:00,2021-07-18 09:19:00,45.8708,71.901955,2.2,0.0,0.0,1015.1,12.661564,284.8265
,74,78,,6.49,27.14,5.5,0.0,0.0,0.0,0.3,32.94,,2021-07-18 09:00:00+00:00,2021-07-18 09:16:00,45.8708,71.901955,2.2,0.0,0.0,1015.1,12.661564,284.8265
,35,177,,0.55,11.95,2.75,0.0,0.0,0.0,0.3,15.0,,2021-07-18 10:00:00+00:00,2021-07-18 10:05:00,44.2508,69.958786,0.8,0.0,0.0,1015.6,7.10031,300.46545
,130,69,,15.86,53.1,2.75,0.0,0.0,6.55,0.3,62.7,,2021-07-22 14:00:00+00:00,2021-07-22 14:52:00,41.1008,56.25377,0.0,0.0,0.0,1011.0,5.8048253,262.8751
,85,222,,5.22,23.83,2.75,0.0,0.0,0.0,0.3,26.88,,2021-07-14 08:00:00+00:00,2021-07-14 08:24:00,43.8908,47.966618,0.2,0.0,0.0,1013.5,17.313717,266.42374
,74,247,,2.27,13.2,0.0,0.0,1.0,0.0,0.3,14.5,,2021-07-24 13:00:00+00:00,2021-07-24 13:13:00,51.450798,51.148445,0.0,0.0,0.0,1014.9,8.225035,293.1986
,226,83,,1.38,16.83,2.75,0.0,0.0,0.0,0.3,19.88,,2021-07-20 13:00:00+00:00,2021-07-20 13:09:00,38.5808,91.21181,0.1,0.0,0.0,1012.9,3.8268526,311.18582
,185,182,,2.17,15.45,2.75,0.0,0.0,0.0,0.3,18.5,,2021-07-20 13:00:00+00:00,2021-07-20 13:17:00,38.5808,91.21181,0.1,0.0,0.0,1012.9,3.8268526,311.18582
,244,263,,6.33,27.69,2.75,0.0,0.0,0.0,0.3,30.74,,2021-07-15 19:00:00+00:00,2021-07-15 19:23:00,31.9208,88.64612,0.0,0.0,0.0,1016.4,5.3999996,143.13002
,117,121,,13.82,50.31,2.75,0.0,0.0,0.0,0.3,53.36,,2021-07-15 20:00:00+00:00,2021-07-15 20:53:00,30.6608,89.57184,0.0,0.0,0.0,1016.3,8.217153,151.1893
,25,90,,7.31,32.95,2.75,0.0,0.0,0.0,0.3,36.0,,2021-07-30 13:00:00+00:00,2021-07-30 13:39:00,42.2708,61.182064,0.0,0.0,0.0,1014.6,12.6462,265.10098
,61,61,,1.17,13.2,0.0,0.0,3.0,0.0,0.3,16.5,,2021-07-30 13:00:00+00:00,2021-07-30 13:09:00,42.2708,61.182064,0.0,0.0,0.0,1014.6,12.6462,265.10098
,76,65,,8.13,30.99,2.75,0.0,0.0,0.0,0.3,34.04,,2021-07-08 06:00:00+00:00,2021-07-08 06:36:00,52.6208,42.848495,0.0,0.0,0.0,1016.9,9.511088,299.4758
,80,124,,7.53,46.15,2.75,0.0,0.0,0.0,0.3,49.2,,2021-07-28 15:00:00+00:00,2021-07-28 15:42:00,44.5208,87.39757,0.0,0.0,0.0,1011.4,3.6,270.0
,256,37,,2.31,13.2,0.0,0.0,3.0,0.0,0.3,16.5,,2021-07-09 23:00:00+00:00,2021-07-09 23:12:00,34.0808,73.84036,0.0,0.0,0.0,1015.4,5.2416787,195.94547
,33,234,,4.11,18.01,0.0,0.0,5.78,0.0,0.3,26.84,,2021-07-10 03:00:00+00:00,2021-07-10 03:13:00,46.5908,55.622757,0.0,0.0,0.0,1014.0,4.829907,206.56499
,97,225,,2.49,16.73,2.75,0.0,0.0,0.0,0.3,19.78,,2021-07-18 10:00:00+00:00,2021-07-18 10:19:00,44.2508,69.958786,0.8,0.0,0.0,1015.6,7.10031,300.46545
,33,16,,16.84,56.94,2.75,0.0,0.0,0.0,0.3,59.99,,2021-07-18 10:00:00+00:00,2021-07-18 10:30:00,44.2508,69.958786,0.8,0.0,0.0,1015.6,7.10031,300.46545
,14,144,,9.34,34.59,2.75,0.0,0.0,0.0,0.3,37.64,,2021-07-03 11:00:00+00:00,2021-07-03 11:29:00,47.7608,58.05157,0.0,0.0,0.0,1011.5,11.631956,291.80148
,97,61,,4.28,16.73,2.75,0.0,0.0,0.0,0.3,19.78,,2021-07-03 11:00:00+00:00,2021-07-03 11:21:00,47.7608,58.05157,0.0,0.0,0.0,1011.5,11.631956,291.80148
,177,165,,5.54,27.21,2.75,0.0,0.0,0.0,0.3,30.26,,2021-07-22 15:00:00+00:00,2021-07-22 15:32:00,39.0308,59.618004,0.0,0.0,0.0,1011.5,3.8773184,201.80147
,41,74,,0.89,14.65,2.75,0.0,0.0,0.0,0.3,17.7,,2021-07-22 15:00:00+00:00,2021-07-22 15:06:00,39.0308,59.618004,0.0,0.0,0.0,1011.5,3.8773184,201.80147
,106,195,,1.98,15.45,2.75,0.0,0.0,0.0,0.3,18.5,,2021-07-22 15:00:00+00:00,2021-07-22 15:11:00,39.0308,59.618004,0.0,0.0,0.0,1011.5,3.8773184,201.80147
,56,82,,1.95,13.2,0.0,0.0,3.0,0.0,0.3,16.5,,2021-07-20 14:00:00+00:00,2021-07-20 14:17:00,37.0508,94.47041,0.0,0.0,0.0,1013.3,2.7416782,336.8014
,216,197,,2.28,24.86,2.75,0.0,0.0,0.0,0.3,27.91,,2021-07-15 22:00:00+00:00,2021-07-15 22:10:00,29.9408,88.220406,0.0,0.0,0.0,1016.9,4.0249224,190.3048
,61,223,,9.13,35.03,0.0,0.0,0.0,0.0,0.3,35.33,,2021-07-15 22:00:00+00:00,2021-07-15 22:22:00,29.9408,88.220406,0.0,0.0,0.0,1016.9,4.0249224,190.3048
,39,76,,4.6,15.43,2.75,0.0,0.0,0.0,0.3,18.48,,2021-07-12 08:00:00+00:00,2021-07-12 08:21:00,41.5508,78.70852,0.8,0.0,0.0,1015.2,15.463244,257.90524
,62,201,,11.73,49.1,2.75,0.0,0.0,2.45,0.3,54.6,,2021-07-12 08:00:00+00:00,2021-07-12 08:40:00,41.5508,78.70852,0.8,0.0,0.0,1015.2,15.463244,257.90524
,259,213,,7.56,29.02,2.75,0.0,0.0,0.0,0.3,32.07,,2021-07-12 08:00:00+00:00,2021-07-12 08:19:00,41.5508,78.70852,0.8,0.0,0.0,1015.2,15.463244,257.90524
,136,91,,24.43,76.4,2.75,0.0,0.0,6.55,0.3,86.0,,2021-07-30 14:00:00+00:00,2021-07-30 15:26:00,39.3008,71.19263,0.0,0.0,0.0,1015.4,10.446206,271.97488
,75,60,,0.0,32.13,2.75,0.0,0.0,0.0,0.3,35.18,,2021-07-26 19:00:00+00:00,2021-07-26 19:30:00,36.7808,93.45658,0.0,0.0,0.0,1015.3,1.5273507,135.0001
,8,159,,0.72,23.46,2.75,0.0,0.0,6.55,0.3,33.06,,2021-07-10 06:00:00+00:00,2021-07-10 06:10:00,50.6408,53.851593,0.1,0.0,0.0,1012.9,9.605998,257.00537
,95,76,,6.55,29.17,2.75,0.0,0.0,0.0,0.3,32.22,,2021-07-20 15:00:00+00:00,2021-07-20 15:31:00,35.8808,96.83893,0.0,0.0,0.0,1013.7,1.835647,281.3099
,42,231,,9.29,33.03,0.0,0.0,5.98,0.0,0.3,42.06,,2021-07-16 06:00:00+00:00,2021-07-16 06:31:00,45.1508,69.06797,0.4,0.0,0.0,1017.1,12.964998,268.4089
,167,4,,10.6,31.1,2.75,0.0,0.0,6.55,0.3,40.7,,2021-07-24 15:00:00+00:00,2021-07-24 16:33:00,47.3108,53.547222,0.0,0.0,0.0,1016.3,5.692099,304.69522
,127,14,,21.7,66.78,2.75,0.0,0.0,6.55,0.3,76.38,,2021-07-24 16:00:00+00:00,2021-07-24 17:06:00,43.8008,60.282528,0.0,0.0,0.0,1017.3,2.9024127,330.25522
,7,145,,1.67,11.0,0.0,0.0,1.26,0.0,0.3,12.56,,2021-07-08 08:00:00+00:00,2021-07-08 08:08:00,54.0608,41.394547,0.0,0.0,0.0,1016.0,11.113451,294.90472
,174,252,,20.24,51.51,5.5,0.0,0.0,6.55,0.3,63.86,,2021-07-30 14:00:00+00:00,2021-07-30 14:58:00,39.3008,71.19263,0.0,0.0,0.0,1015.4,10.446206,271.97488
,227,22,,2.4,23.86,2.75,0.0,0.0,0.0,0.3,26.91,,2021-07-30 15:00:00+00:00,2021-07-30 15:19:00,39.0308,64.68486,0.0,0.0,0.0,1016.4,5.0142193,291.03757
,247,42,,2.06,18.25,2.75,0.0,0.0,0.0,0.3,21.3,,2021-07-06 10:00:00+00:00,2021-07-06 10:11:00,48.7508,58.60953,0.0,0.0,0.0,1013.9,12.413476,286.8585
,244,41,,3.05,23.85,1.35,0.0,0.0,0.0,0.3,25.5,,2021-07-28 16:00:00+00:00,2021-07-28 16:24:00,42.2708,92.960106,0.0,0.0,0.0,1011.9,1.609969,206.56499
,205,92,,9.84,38.29,5.5,0.0,0.0,0.0,0.3,44.09,,2021-07-10 08:00:00+00:00,2021-07-10 08:21:00,45.4208,76.842896,0.2,0.0,0.0,1015.1,8.225035,293.1986
,33,97,,1.47,15.45,2.75,0.0,0.0,0.0,0.3,18.5,,2021-07-18 11:00:00+00:00,2021-07-18 11:09:00,42.540802,79.35411,1.1,0.0,0.0,1016.4,12.605142,271.63654
,56,38,,9.78,36.62,2.75,0.0,0.0,0.0,0.3,39.67,,2021-07-18 11:00:00+00:00,2021-07-18 11:32:00,42.540802,79.35411,1.1,0.0,0.0,1016.4,12.605142,271.63654
,74,239,,3.96,19.64,2.75,0.0,0.0,0.0,0.3,22.69,,2021-07-18 12:00:00+00:00,2021-07-18 12:15:00,40.1108,78.58576,0.3,0.0,0.0,1017.4,10.853866,275.7105
,240,168,,9.28,23.21,2.75,0.0,0.0,0.0,0.3,26.26,,2021-07-16 06:00:00+00:00,2021-07-16 06:18:00,45.1508,69.06797,0.4,0.0,0.0,1017.1,12.964998,268.4089
,191,205,,3.58,28.74,2.75,0.0,0.0,0.0,0.3,31.79,,2021-07-12 09:00:00+00:00,2021-07-12 09:20:00,41.7308,80.1389,0.8,0.0,0.0,1014.9,2.7416782,203.19862
,228,195,,3.93,32.21,0.0,0.0,2.25,0.0,0.3,34.76,,2021-07-08 08:00:00+00:00,2021-07-08 09:04:00,54.0608,41.394547,0.0,0.0,0.0,1016.0,11.113451,294.90472
,225,66,,4.54,20.93,2.75,0.0,0.0,0.0,0.3,23.98,,2021-07-08 09:00:00+00:00,2021-07-08 09:23:00,54.6008,40.883797,0.0,0.0,0.0,1015.7,11.165805,290.77234
,235,225,,19.54,47.43,2.75,0.0,0.0,6.55,0.3,57.03,,2021-07-30 15:00:00+00:00,2021-07-30 16:09:00,39.0308,64.68486,0.0,0.0,0.0,1016.4,5.0142193,291.03757
,9,216,,5.04,31.04,2.75,0.0,0.0,0.0,0.3,34.09,,2021-07-06 10:00:00+00:00,2021-07-06 10:27:00,48.7508,58.60953,0.0,0.0,0.0,1013.9,12.413476,286.8585
,76,117,,8.29,36.34,2.75,0.0,0.0,2.45,0.3,41.84,,2021-07-18 12:00:00+00:00,2021-07-18 12:27:00,40.1108,78.58576,0.3,0.0,0.0,1017.4,10.853866,275.7105
,123,192,,20.82,56.35,2.75,0.0,0.0,0.0,0.3,59.4,,2021-07-18 12:00:00+00:00,2021-07-18 12:39:00,40.1108,78.58576,0.3,0.0,0.0,1017.4,10.853866,275.7105
,117,39,,11.75,46.4,2.75,0.0,0.0,2.45,0.3,51.9,,2021-07-03 13:00:00+00:00,2021-07-03 13:31:00,43.2608,72.39631,0.1,0.0,0.0,1013.4,5.0911684,278.13
,123,123,,1.39,15.45,2.75,0.0,0.0,0.0,0.3,18.5,,2021-07-22 17:00:00+00:00,2021-07-22 17:08:00,29.9408,80.96721,0.0,0.0,0.0,1011.7,6.28713,166.75948
,168,242,,5.81,27.27,2.75,0.0,0.0,0.0,0.3,30.32,,2021-07-14 10:00:00+00:00,2021-07-14 10:21:00,43.9808,54.430313,0.0,0.0,0.0,1013.0,14.759999,257.3196
,252,210,,21.95,66.0,2.75,0.0,0.0,0.0,0.3,69.05,,2021-07-20 18:00:00+00:00,2021-07-20 18:53:00,30.3908,99.99999,0.0,0.0,0.0,1013.8,2.4149535,206.56499
,61,97,,1.14,19.48,0.0,0.0,0.0,0.0,0.3,19.78,,2021-07-12 10:00:00+00:00,2021-07-12 10:07:00,40.8308,80.92943,1.0,0.0,0.0,1015.3,14.332341,258.40784
,17,76,,3.76,26.83,2.75,0.0,0.0,0.0,0.3,29.88,,2021-07-06 11:00:00+00:00,2021-07-06 11:28:00,45.5108,63.879147,0.2,0.0,0.0,1015.4,10.239453,259.8754
,248,108,,24.53,56.94,1.35,0.0,0.0,13.1,0.3,71.69,,2021-07-06 11:00:00+00:00,2021-07-06 12:11:00,45.5108,63.879147,0.2,0.0,0.0,1015.4,10.239453,259.8754
,188,91,,3.56,22.45,2.75,0.0,0.0,0.0,0.3,25.5,,2021-07-28 19:00:00+00:00,2021-07-28 19:20:00,34.9808,100.0,0.0,0.0,0.0,1011.9,2.7416782,203.19862
,250,95,,11.67,42.3,2.75,0.0,0.0,6.55,0.3,51.9,,2021-07-28 19:00:00+00:00,2021-07-28 19:33:00,34.9808,100.0,0.0,0.0,0.0,1011.9,2.7416782,203.19862
,61,36,,3.39,18.01,0.0,0.0,4.07,0.0,0.3,22.38,,2021-07-28 20:00:00+00:00,2021-07-28 20:21:00,34.8908,100.0,0.0,0.0,0.0,1011.8,2.6208394,195.94547
,56,196,,0.66,19.06,2.75,0.0,0.0,0.0,0.3,22.11,,2021-07-18 13:00:00+00:00,2021-07-18 13:09:00,38.5808,87.39167,0.3,0.0,0.0,1017.9,4.8965297,216.02747
,151,254,,12.23,34.46,2.75,0.0,0.0,0.0,0.3,37.51,,2021-07-03 14:00:00+00:00,2021-07-03 14:36:00,41.910797,74.36087,0.0,0.0,0.0,1013.9,2.2768397,251.56496
,188,14,,6.3,24.17,2.75,0.0,0.0,0.0,0.3,27.22,,2021-07-14 10:00:00+00:00,2021-07-14 10:40:00,43.9808,54.430313,0.0,0.0,0.0,1013.0,14.759999,257.3196
,242,69,,6.45,21.26,2.75,0.0,0.0,0.0,0.3,24.31,,2021-07-20 18:00:00+00:00,2021-07-20 19:07:00,30.3908,99.99999,0.0,0.0,0.0,1013.8,2.4149535,206.56499
,117,197,,9.74,46.4,2.75,0.0,0.0,2.45,0.3,51.9,,2021-07-20 19:00:00+00:00,2021-07-20 19:41:00,28.4108,100.0,0.0,0.0,0.0,1013.6,2.2768397,198.43504
,33,181,,3.15,14.87,0.0,0.0,1.0,0.0,0.3,16.17,,2021-07-20 19:00:00+00:00,2021-07-20 19:15:00,28.4108,100.0,0.0,0.0,0.0,1013.6,2.2768397,198.43504
,47,213,,4.61,25.95,2.75,0.0,0.0,0.0,0.3,29.0,,2021-07-20 20:00:00+00:00,2021-07-20 20:15:00,28.2308,99.264565,0.0,0.0,0.0,1013.2,3.5455887,156.0375
,225,112,,3.31,16.75,0.0,0.0,2.84,0.0,0.3,19.89,,2021-07-20 20:00:00+00:00,2021-07-20 20:20:00,28.2308,99.264565,0.0,0.0,0.0,1013.2,3.5455887,156.0375
,150,91,,3.58,24.31,5.5,0.0,0.0,0.0,0.3,30.11,,2021-07-24 18:00:00+00:00,2021-07-24 18:16:00,34.3508,81.610115,0.0,0.0,0.0,1017.5,2.5959969,123.690094
,263,74,,3.25,23.36,2.75,0.0,0.0,0.0,0.3,26.41,,2021-07-24 18:00:00+00:00,2021-07-24 18:15:00,34.3508,81.610115,0.0,0.0,0.0,1017.5,2.5959969,123.690094
,48,92,,12.8,34.9,2.75,0.0,0.0,6.55,0.3,44.5,,2021-07-24 19:00:00+00:00,2021-07-24 20:10:00,33.2708,83.04419,0.0,0.0,0.0,1017.4,2.9024127,97.12492
,75,74,,1.26,20.65,2.75,0.0,0.0,0.0,0.3,23.7,,2021-07-08 09:00:00+00:00,2021-07-08 09:08:00,54.6008,40.883797,0.0,0.0,0.0,1015.7,11.165805,290.77234
,131,205,,1.63,28.74,2.75,0.0,0.0,0.0,0.3,31.79,,2021-07-30 17:00:00+00:00,2021-07-30 17:08:00,33.8108,83.082306,0.0,0.0,0.0,1016.8,4.0249224,349.69522
,40,145,,6.66,24.31,0.0,0.0,4.11,0.0,0.3,28.72,,2021-07-28 22:00:00+00:00,2021-07-28 22:19:00,35.4308,99.643585,0.0,0.0,0.0,1011.2,1.2979984,146.3099
,10,213,,16.59,45.83,2.75,0.0,0.0,6.55,0.3,55.43,,2021-07-10 10:00:00+00:00,2021-07-10 10:43:00,44.970802,74.92684,1.5,0.0,0.0,1016.0,3.5455887,246.0375
,166,242,,10.79,30.95,0.0,0.0,4.13,0.0,0.3,35.38,,2021-07-03 15:00:00+00:00,2021-07-03 15:32:00,40.1108,75.80658,0.0,0.0,0.0,1014.3,1.2979984,213.6901
,74,247,,4.13,17.95,0.0,0.0,0.0,0.0,0.3,18.25,,2021-07-03 16:00:00+00:00,2021-07-03 16:39:00,36.2408,81.15957,0.0,0.0,0.0,1015.0,2.2768397,161.56496
,33,181,,1.71,13.2,0.0,0.0,3.0,0.0,0.3,16.5,,2021-07-22 19:00:00+00:00,2021-07-22 19:11:00,27.5108,82.62975,0.0,0.0,0.0,1011.4,4.896529,162.89719
,97,85,,3.51,21.64,2.75,0.0,0.0,0.0,0.3,24.69,,2021-07-14 11:00:00+00:00,2021-07-14 11:19:00,43.6208,56.20859,0.4,0.0,0.0,1012.9,15.542662,256.60748
,218,139,,2.11,18.58,2.75,0.0,0.0,0.0,0.3,21.63,,2021-07-14 11:00:00+00:00,2021-07-14 11:09:00,43.6208,56.20859,0.4,0.0,0.0,1012.9,15.542662,256.60748
,10,130,,1.96,21.57,2.75,0.0,0.0,0.0,0.3,24.62,,2021-07-16 09:00:00+00:00,2021-07-16 09:13:00,41.7308,84.52032,2.5,0.0,0.0,1019.0,11.808878,322.43134
,249,215,,15.55,59.65,2.75,0.0,0.0,0.0,0.3,62.7,,2021-07-20 23:00:00+00:00,2021-07-20 23:47:00,27.3308,98.89408,0.0,0.0,0.0,1012.7,2.5959969,146.3099
,33,162,,7.53,27.72,0.0,0.0,6.78,0.0,0.3,37.55,,2021-07-08 10:00:00+00:00,2021-07-08 10:23:00,53.7008,42.095634,0.0,0.0,0.0,1016.0,11.269782,296.56497
,39,89,,4.28,22.45,2.75,0.0,0.0,0.0,0.3,25.5,,2021-07-24 21:00:00+00:00,2021-07-24 21:27:00,31.4708,84.468025,0.0,0.0,0.0,1016.8,5.315336,61.69934
,213,75,,8.39,29.03,2.75,0.0,0.0,0.0,0.3,32.08,,2021-07-12 11:00:00+00:00,2021-07-12 11:37:00,40.1108,85.93251,0.7,0.0,0.0,1015.5,5.4833565,246.80138
,177,147,,19.58,55.31,1.35,0.0,0.0,6.55,0.3,63.51,,2021-07-29 00:00:00+00:00,2021-07-29 00:41:00,32.2808,99.27806,0.0,0.0,0.0,1011.2,4.3349743,94.76356
,213,250,,2.44,17.6,4.1,0.0,0.0,0.0,0.3,22.0,,2021-07-14 11:00:00+00:00,2021-07-14 11:10:00,43.6208,56.20859,0.4,0.0,0.0,1012.9,15.542662,256.60748
,225,242,,16.87,55.8,2.75,0.0,0.0,6.55,0.3,65.4,,2021-07-08 10:00:00+00:00,2021-07-08 10:39:00,53.7008,42.095634,0.0,0.0,0.0,1016.0,11.269782,296.56497
,126,38,,20.66,45.83,2.75,0.0,0.0,6.55,0.3,55.43,,2021-07-08 11:00:00+00:00,2021-07-08 11:54:00,53.160797,40.64832,0.0,0.0,0.0,1016.1,11.165805,290.77234
,35,55,,12.85,36.16,2.75,0.0,0.0,0.0,0.3,39.21,,2021-07-24 22:00:00+00:00,2021-07-24 22:35:00,30.9308,84.1195,0.0,0.0,0.0,1016.6,6.9247384,62.10283
,229,188,,9.74,31.87,5.5,0.0,0.0,0.0,0.3,37.67,,2021-07-30 20:00:00+00:00,2021-07-30 20:36:00,30.9308,86.65305,0.0,0.0,0.0,1016.5,3.6,53.13002
,225,161,,7.87,28.26,2.75,0.0,0.0,0.0,0.3,31.31,,2021-07-06 12:00:00+00:00,2021-07-06 13:00:00,45.4208,61.385963,0.0,0.0,0.0,1015.5,9.028754,274.57382
,57,68,,10.62,24.32,5.5,0.0,0.0,6.55,0.3,36.67,,2021-07-06 12:00:00+00:00,2021-07-06 12:45:00,45.4208,61.385963,0.0,0.0,0.0,1015.5,9.028754,274.57382
,41,51,,11.27,36.95,5.5,0.0,0.0,0.0,0.3,42.75,,2021-07-06 12:00:00+00:00,2021-07-06 12:34:00,45.4208,61.385963,0.0,0.0,0.0,1015.5,9.028754,274.57382
,10,134,,4.25,31.99,2.75,0.0,0.0,0.0,0.3,35.04,,2021-07-23 05:00:00+00:00,2021-07-23 05:12:00,49.0208,41.63739,0.0,0.0,0.0,1010.6,7.5685663,267.27374
,47,51,,8.26,27.27,2.75,0.0,0.0,0.0,0.3,30.32,,2021-07-23 06:00:00+00:00,2021-07-23 06:18:00,50.910797,39.5395,0.0,0.0,0.0,1010.3,9.0645685,276.84268
,188,77,,45411.27,25.95,2.75,0.0,0.0,0.0,0.3,29.0,,2021-07-03 18:00:00+00:00,2021-07-03 18:22:00,31.2008,88.938194,0.0,0.0,0.0,1014.7,4.0249224,190.3048
,198,75,,9.62,37.13,2.75,0.0,0.0,0.0,0.3,40.18,,2021-07-16 10:00:00+00:00,2021-07-16 10:49:00,39.5708,91.24921,0.3,0.0,0.0,1020.0,12.218805,315.0001
,174,259,,0.0,20.07,2.75,0.0,0.0,0.0,0.3,23.12,,2021-07-14 12:00:00+00:00,2021-07-14 12:18:00,41.8208,60.00841,0.4,0.0,0.0,1013.7,13.854155,245.43285
,181,39,,5.43,28.03,2.75,0.0,0.0,0.0,0.3,31.08,,2021-07-14 12:00:00+00:00,2021-07-14 12:33:00,41.8208,60.00841,0.4,0.0,0.0,1013.7,13.854155,245.43285
,28,170,,11.22,38.09,2.75,0.0,0.0,6.55,0.3,47.69,,2021-07-21 07:00:00+00:00,2021-07-21 07:34:00,43.3508,68.61338,0.2,0.0,0.0,1010.0,5.5887027,255.06853
,38,53,,12.98,31.04,2.75,0.0,0.0,0.0,0.3,34.09,,2021-07-21 07:00:00+00:00,2021-07-21 07:20:00,43.3508,68.61338,0.2,0.0,0.0,1010.0,5.5887027,255.06853
,179,160,,5.01,21.45,2.75,0.0,0.0,0.0,0.3,24.5,,2021-07-21 07:00:00+00:00,2021-07-21 07:20:00,43.3508,68.61338,0.2,0.0,0.0,1010.0,5.5887027,255.06853
,42,129,,7.98,23.96,0.0,0.0,6.71,6.55,0.3,37.52,,2021-07-24 23:00:00+00:00,2021-07-24 23:20:00,30.3908,83.77059,0.0,0.0,0.0,1016.7,8.427383,70.01681
,42,200,,6.4,29.24,2.75,0.0,0.0,3.0,0.3,35.29,,2021-07-12 12:00:00+00:00,2021-07-12 12:14:00,39.5708,75.7552,0.2,0.0,0.0,1015.8,5.904439,232.43134
,126,60,,0.58,14.61,2.75,0.0,0.0,0.0,0.3,17.66,,2021-07-12 12:00:00+00:00,2021-07-12 12:05:00,39.5708,75.7552,0.2,0.0,0.0,1015.8,5.904439,232.43134
,51,8,,12.47,40.45,2.75,0.0,0.0,6.55,0.3,50.05,,2021-07-30 21:00:00+00:00,2021-07-30 21:22:00,29.4008,88.5216,0.0,0.0,0.0,1016.3,3.096837,54.46224
,181,181,,1.03,13.2,0.0,0.0,3.75,0.0,0.3,17.25,,2021-07-30 22:00:00+00:00,2021-07-30 22:05:00,28.5008,89.473145,0.0,0.0,0.0,1016.2,2.8116899,50.194473
,131,102,,0.0,32.95,2.75,0.0,0.0,0.0,0.3,36.0,,2021-07-06 13:00:00+00:00,2021-07-06 13:18:00,43.3508,68.61338,0.1,0.0,0.0,1016.7,7.9932966,305.83774
,72,217,,5.68,25.4,2.75,0.0,0.0,0.0,0.3,28.45,,2021-07-29 07:00:00+00:00,2021-07-29 07:27:00,53.8808,48.66208,0.1,0.0,0.0,1007.9,11.177405,284.93146
,225,137,,6.49,28.26,2.75,0.0,0.0,0.0,0.3,31.31,,2021-07-18 17:00:00+00:00,2021-07-18 17:34:00,30.3908,99.99999,0.0,0.0,0.0,1017.2,1.8,180.0
,91,155,,1.34,11.45,2.75,0.0,0.0,0.0,0.3,14.5,,2021-07-10 11:00:00+00:00,2021-07-10 11:08:00,46.6808,68.26779,0.1,0.0,0.0,1014.3,9.227524,249.44388
,82,129,,1.97,15.89,2.75,0.0,0.0,0.0,0.3,18.94,,2021-07-10 11:00:00+00:00,2021-07-10 11:13:00,46.6808,68.26779,0.1,0.0,0.0,1014.3,9.227524,249.44388
,254,17,,18.32,57.74,2.75,0.0,0.0,6.55,0.3,67.34,,2021-07-03 20:00:00+00:00,2021-07-03 20:35:00,29.3108,90.51338,0.0,0.0,0.0,1014.4,3.671294,168.69011
,135,9,,2.4,19.34,2.75,0.0,0.0,0.0,0.3,22.39,,2021-07-21 08:00:00+00:00,2021-07-21 08:08:00,43.0808,76.90279,0.6,0.0,0.0,1010.1,12.261158,273.3664
,61,189,,1.68,19.15,2.75,0.0,0.0,0.0,0.3,22.2,,2021-07-14 12:00:00+00:00,2021-07-14 12:12:00,41.8208,60.00841,0.4,0.0,0.0,1013.7,13.854155,245.43285
,196,77,,9.22,29.17,2.75,0.0,0.0,0.0,0.3,32.22,,2021-07-14 12:00:00+00:00,2021-07-14 12:22:00,41.8208,60.00841,0.4,0.0,0.0,1013.7,13.854155,245.43285
,235,18,,2.39,18.95,2.75,0.0,0.0,0.0,0.3,22.0,,2021-07-12 12:00:00+00:00,2021-07-12 12:18:00,39.5708,75.7552,0.2,0.0,0.0,1015.8,5.904439,232.43134
,26,67,,1.29,16.73,2.75,0.0,0.0,0.0,0.3,19.78,,2021-07-12 12:00:00+00:00,2021-07-12 12:08:00,39.5708,75.7552,0.2,0.0,0.0,1015.8,5.904439,232.43134
,247,242,,4.46,30.02,0.0,0.0,0.0,0.0,0.3,30.32,,2021-07-12 12:00:00+00:00,2021-07-12 12:25:00,39.5708,75.7552,0.2,0.0,0.0,1015.8,5.904439,232.43134
,39,130,,4.75,33.06,2.75,0.0,0.0,0.0,0.3,36.11,,2021-07-12 13:00:00+00:00,2021-07-12 13:48:00,37.0508,84.52195,0.1,0.0,0.0,1016.9,5.937272,284.03625
,119,159,,2.02,14.55,2.75,0.0,0.0,0.0,0.3,17.6,,2021-07-12 13:00:00+00:00,2021-07-12 13:12:00,37.0508,84.52195,0.1,0.0,0.0,1016.9,5.937272,284.03625
,151,259,,12.85,40.78,2.75,0.0,0.0,0.0,0.3,43.83,,2021-07-31 00:00:00+00:00,2021-07-31 00:43:00,26.250801,91.75527,0.0,0.0,0.0,1016.5,2.52,90.0
,102,131,,6.32,37.81,2.75,0.0,0.0,0.0,0.3,40.86,,2021-07-06 14:00:00+00:00,2021-07-06 14:19:00,41.3708,75.925865,0.0,0.0,0.0,1017.5,3.396233,302.00534
,67,210,,7.92,28.82,2.75,0.0,0.0,0.0,0.3,31.87,,2021-07-18 18:00:00+00:00,2021-07-18 18:16:00,29.1308,99.99999,0.0,0.0,0.0,1016.8,2.6208394,164.05453
,205,55,,1.44,54.2,2.75,0.0,0.0,0.0,0.3,57.25,,2021-07-10 12:00:00+00:00,2021-07-10 12:34:00,42.9008,76.61331,0.1,0.0,0.0,1016.3,6.87779,263.9911
,185,18,,3.35,20.8,2.75,0.0,0.0,0.0,0.3,23.85,,2021-07-10 12:00:00+00:00,2021-07-10 12:16:00,42.9008,76.61331,0.1,0.0,0.0,1016.3,6.87779,263.9911
,157,33,,7.23,41.05,2.75,0.0,0.0,0.0,0.3,44.1,,2021-07-29 08:00:00+00:00,2021-07-29 08:39:00,53.160797,51.96188,0.2,0.0,0.0,1007.9,11.966954,285.7087
,179,140,,0.0,19.83,5.5,0.0,0.0,0.0,0.3,25.63,,2021-07-29 08:00:00+00:00,2021-07-29 08:27:00,53.160797,51.96188,0.2,0.0,0.0,1007.9,11.966954,285.7087
,232,225,,2.02,25.95,2.75,0.0,0.0,0.0,0.3,29.0,,2021-07-03 21:00:00+00:00,2021-07-03 21:22:00,28.6808,90.487114,0.0,0.0,0.0,1014.2,4.2136917,160.0168
,181,255,,5.84,25.27,0.0,0.0,4.27,0.0,0.3,29.84,,2021-07-03 21:00:00+00:00,2021-07-03 21:23:00,28.6808,90.487114,0.0,0.0,0.0,1014.2,4.2136917,160.0168
,135,133,,17.67,53.51,2.75,0.0,0.0,0.0,0.3,56.56,,2021-07-03 22:00:00+00:00,2021-07-03 22:30:00,27.8708,90.79178,0.0,0.0,0.0,1014.1,4.510787,151.38963
,180,220,,20.92,57.1,5.5,0.0,0.0,13.1,0.3,76.0,,2021-07-14 13:00:00+00:00,2021-07-14 13:54:00,39.6608,66.942505,0.0,0.0,0.0,1014.4,9.178235,258.6901
,243,166,,4.71,27.69,2.75,0.0,0.0,0.0,0.3,30.74,,2021-07-21 08:00:00+00:00,2021-07-21 08:24:00,43.0808,76.90279,0.6,0.0,0.0,1010.1,12.261158,273.3664
,35,55,,12.14,36.16,2.75,0.0,0.0,0.0,0.3,39.21,,2021-07-21 09:00:00+00:00,2021-07-21 09:34:00,39.3908,90.9196,1.8,0.0,0.0,1011.7,4.6938257,302.47116
,97,61,,2.89,20.93,2.75,0.0,0.0,0.0,0.3,23.98,,2021-07-16 11:00:00+00:00,2021-07-16 11:22:00,38.6708,86.46418,0.1,0.0,0.0,1020.6,8.161764,311.42358
,47,18,,1.64,17.59,2.75,0.0,0.0,0.0,0.3,20.64,,2021-07-08 12:00:00+00:00,2021-07-08 12:13:00,52.980797,41.067596,0.0,0.0,0.0,1016.9,9.178235,295.5599
,130,131,,1.85,25.92,2.75,0.0,0.0,0.0,0.3,28.97,,2021-07-12 14:00:00+00:00,2021-07-12 14:12:00,34.7108,96.128494,0.0,0.0,0.0,1017.0,5.4119864,176.186
,61,212,,0.35,43.91,2.75,0.0,0.0,6.55,0.3,53.51,,2021-07-31 04:00:00+00:00,2021-07-31 04:31:00,45.1508,37.136284,0.0,0.0,0.0,1014.2,0.5091169,135.0001
,51,242,,3.61,18.96,2.75,0.0,0.0,0.0,0.3,22.01,,2021-07-31 05:00:00+00:00,2021-07-31 05:12:00,48.2108,31.479317,0.0,0.0,0.0,1013.3,2.8116899,309.8055
,20,47,,2.56,21.26,2.75,0.0,0.0,0.0,0.3,24.31,,2021-07-31 05:00:00+00:00,2021-07-31 05:13:00,48.2108,31.479317,0.0,0.0,0.0,1013.3,2.8116899,309.8055
,216,93,,7.64,30.14,2.75,0.0,0.0,0.0,0.3,33.19,,2021-07-06 14:00:00+00:00,2021-07-06 14:23:00,41.3708,75.925865,0.0,0.0,0.0,1017.5,3.396233,302.00534
,41,75,,1.94,22.05,1.35,0.0,0.0,0.0,0.3,23.7,,2021-07-29 08:00:00+00:00,2021-07-29 08:13:00,53.160797,51.96188,0.2,0.0,0.0,1007.9,11.966954,285.7087
,76,71,,4.17,25.95,2.75,0.0,0.0,0.0,0.3,29.0,,2021-07-04 00:00:00+00:00,2021-07-04 00:21:00,27.7808,89.77531,0.0,0.0,0.0,1014.7,5.904439,142.43134
,256,117,,23.3,54.5,2.75,0.0,0.0,2.45,0.3,60.0,,2021-07-04 00:00:00+00:00,2021-07-04 00:45:00,27.7808,89.77531,0.0,0.0,0.0,1014.7,5.904439,142.43134
,37,205,,0.0,45.84,2.75,0.0,0.0,0.0,0.3,48.89,,2021-07-04 00:00:00+00:00,2021-07-04 00:33:00,27.7808,89.77531,0.0,0.0,0.0,1014.7,5.904439,142.43134
,219,124,,4.58,33.06,2.75,0.0,0.0,0.0,0.3,36.11,,2021-07-23 08:00:00+00:00,2021-07-23 08:13:00,53.3408,37.65676,0.0,0.0,0.0,1009.3,11.874544,284.03625
,74,254,,9.58,33.14,0.0,0.0,7.44,0.0,0.3,40.88,,2021-07-14 13:00:00+00:00,2021-07-14 13:30:00,39.6608,66.942505,0.0,0.0,0.0,1014.4,9.178235,258.6901
,201,165,,10.87,41.95,2.75,0.0,0.0,2.45,0.3,47.45,,2021-07-21 09:00:00+00:00,2021-07-21 09:29:00,39.3908,90.9196,1.8,0.0,0.0,1011.7,4.6938257,302.47116
,130,117,,13.48,43.65,2.75,0.0,0.0,0.0,0.3,46.7,,2021-07-16 11:00:00+00:00,2021-07-16 11:42:00,38.6708,86.46418,0.1,0.0,0.0,1020.6,8.161764,311.42358
,89,41,,17.89,55.8,2.75,0.0,0.0,6.55,0.3,65.4,,2021-07-16 11:00:00+00:00,2021-07-16 12:01:00,38.6708,86.46418,0.1,0.0,0.0,1020.6,8.161764,311.42358
,28,134,,0.85,19.05,2.75,0.0,0.0,0.0,0.3,22.1,,2021-07-16 11:00:00+00:00,2021-07-16 11:06:00,38.6708,86.46418,0.1,0.0,0.0,1020.6,8.161764,311.42358
,174,200,,3.17,22.45,2.75,0.0,0.0,0.0,0.3,25.5,,2021-07-08 13:00:00+00:00,2021-07-08 13:08:00,51.2708,50.20899,0.0,0.0,0.0,1017.4,8.217153,298.8107
,86,117,,2.35,18.49,5.5,0.0,0.0,0.0,0.3,24.29,,2021-07-12 14:00:00+00:00,2021-07-12 14:12:00,34.7108,96.128494,0.0,0.0,0.0,1017.0,5.4119864,176.186
,91,123,,2.54,17.7,1.35,0.0,0.0,0.0,0.3,19.35,,2021-07-12 14:00:00+00:00,2021-07-12 14:16:00,34.7108,96.128494,0.0,0.0,0.0,1017.0,5.4119864,176.186
,63,7,,14.29,34.01,2.75,0.0,0.0,0.0,0.3,37.06,,2021-07-31 07:00:00+00:00,2021-07-31 07:40:00,52.2608,28.797253,0.0,0.0,0.0,1011.9,7.5942082,301.4295
,62,61,,0.75,16.73,2.75,0.0,0.0,0.0,0.3,19.78,,2021-07-31 08:00:00+00:00,2021-07-31 08:05:00,53.2508,30.65193,0.0,0.0,0.0,1011.2,9.220499,308.65982
,169,208,,5.43,26.21,2.75,0.0,0.0,0.0,0.3,29.26,,2021-07-27 11:00:00+00:00,2021-07-27 11:13:00,53.2508,64.408035,0.5,0.0,0.0,1009.6,8.049845,296.56497
,97,89,,7.08,21.37,2.75,0.0,0.0,0.0,0.3,24.42,,2021-07-19 00:00:00+00:00,2021-07-19 00:20:00,30.7508,96.765305,0.0,0.0,0.0,1015.0,3.0758414,159.44388
,33,97,,1.52,13.2,0.0,0.0,3.75,0.0,0.3,17.25,,2021-07-10 13:00:00+00:00,2021-07-10 13:13:00,42.720802,79.65099,0.0,0.0,0.0,1016.4,7.145796,220.91429
,74,263,,3.41,23.36,2.75,0.0,0.0,0.0,0.3,26.41,,2021-07-10 13:00:00+00:00,2021-07-10 13:15:00,42.720802,79.65099,0.0,0.0,0.0,1016.4,7.145796,220.91429
,61,1,,17.35,62.49,0.0,0.0,8.39,11.75,0.3,85.68,,2021-07-04 08:00:00+00:00,2021-07-04 08:32:00,50.7308,44.456306,0.0,0.0,0.0,1012.0,11.525623,255.52966
,155,140,,17.25,39.69,2.75,0.0,0.0,6.55,0.3,49.29,,2021-07-23 08:00:00+00:00,2021-07-23 08:52:00,53.3408,37.65676,0.0,0.0,0.0,1009.3,11.874544,284.03625
,35,28,,8.74,41.05,2.75,0.0,0.0,0.0,0.3,44.1,,2021-07-23 09:00:00+00:00,2021-07-23 09:28:00,53.3408,37.93564,0.0,0.0,0.0,1009.2,13.207634,287.44727
,232,26,,10.53,30.64,2.75,0.0,0.0,0.0,0.3,33.69,,2021-07-21 10:00:00+00:00,2021-07-21 10:38:00,41.7308,78.443436,0.1,0.0,0.0,1010.4,3.8268526,221.18582
,41,263,,2.24,11.1,0.0,0.0,1.54,0.0,0.3,15.69,,2021-07-08 13:00:00+00:00,2021-07-08 13:14:00,51.2708,50.20899,0.0,0.0,0.0,1017.4,8.217153,298.8107
,242,41,,7.82,28.14,2.75,0.0,0.0,6.55,0.3,37.74,,2021-07-12 15:00:00+00:00,2021-07-12 15:33:00,34.0808,96.117584,0.0,0.0,0.0,1016.7,4.32,180.0
,223,129,,3.28,31.45,2.75,0.0,0.0,0.0,0.3,34.5,,2021-07-12 15:00:00+00:00,2021-07-12 15:23:00,34.0808,96.117584,0.0,0.0,0.0,1016.7,4.32,180.0
,181,154,,17.07,26.81,2.75,0.0,0.0,0.0,0.3,29.86,,2021-07-31 08:00:00+00:00,2021-07-31 08:30:00,53.2508,30.65193,0.0,0.0,0.0,1011.2,9.220499,308.65982
,7,7,,1.39,14.08,5.5,0.0,0.0,0.0,0.3,19.88,,2021-07-31 09:00:00+00:00,2021-07-31 09:08:00,53.3408,33.435493,0.0,0.0,0.0,1011.0,10.703569,317.72638
,123,150,,2.37,19.39,2.75,0.0,0.0,0.0,0.3,22.44,,2021-07-27 11:00:00+00:00,2021-07-27 11:16:00,53.2508,64.408035,0.5,0.0,0.0,1009.6,8.049845,296.56497
,76,222,,2.59,15.43,2.75,0.0,0.0,0.0,0.3,18.48,,2021-07-27 11:00:00+00:00,2021-07-27 11:11:00,53.2508,64.408035,0.5,0.0,0.0,1009.6,8.049845,296.56497
,42,41,,1.59,13.2,0.0,0.0,0.75,0.0,0.3,14.25,,2021-07-19 05:00:00+00:00,2021-07-19 05:09:00,43.5308,63.392952,0.2,0.0,0.0,1013.2,5.3517847,227.72638
,41,262,,3.14,13.81,0.0,0.0,2.0,0.0,0.3,18.86,,2021-07-10 14:00:00+00:00,2021-07-10 14:24:00,40.200798,90.63036,0.0,0.0,0.0,1016.3,7.2805495,188.53069
,242,242,,0.86,13.2,0.0,0.0,1.5,0.0,0.3,15.0,,2021-07-10 14:00:00+00:00,2021-07-10 14:05:00,40.200798,90.63036,0.0,0.0,0.0,1016.3,7.2805495,188.53069
,155,48,,13.12,40.71,2.75,0.0,0.0,0.0,0.3,43.76,,2021-07-29 09:00:00+00:00,2021-07-29 10:15:00,53.0708,52.13362,0.1,0.0,0.0,1007.8,14.345898,287.52567
,168,130,,13.12,44.71,5.5,0.0,0.0,0.0,0.3,50.51,,2021-07-04 10:00:00+00:00,2021-07-04 10:24:00,51.1808,41.378166,0.0,0.0,0.0,1011.3,14.205182,261.2539
,235,32,,4.49,23.43,2.75,0.0,0.0,0.0,0.3,26.48,,2021-07-23 09:00:00+00:00,2021-07-23 09:22:00,53.3408,37.93564,0.0,0.0,0.0,1009.2,13.207634,287.44727
,89,178,,1.41,15.57,0.0,0.0,0.0,0.0,0.3,15.87,,2021-07-23 09:00:00+00:00,2021-07-23 09:10:00,53.3408,37.93564,0.0,0.0,0.0,1009.2,13.207634,287.44727
,81,45,,19.62,63.9,2.75,0.0,0.0,6.55,0.3,73.5,,2021-07-21 10:00:00+00:00,2021-07-21 10:40:00,41.7308,78.443436,0.1,0.0,0.0,1010.4,3.8268526,221.18582
,106,25,,1.09,12.89,2.75,0.0,0.0,0.0,0.3,15.94,,2021-07-14 15:00:00+00:00,2021-07-14 15:07:00,36.8708,76.050705,0.0,0.0,0.0,1015.7,7.2,233.13002
,247,244,,2.2,13.2,0.0,0.0,1.5,0.0,0.3,15.0,,2021-07-16 13:00:00+00:00,2021-07-16 13:28:00,34.6208,81.93035,0.1,0.0,0.0,1022.5,9.793059,306.02747
,14,108,,5.34,23.86,2.75,0.0,0.0,0.0,0.3,26.91,,2021-07-25 13:00:00+00:00,2021-07-25 13:19:00,53.7008,58.26591,0.0,0.0,0.0,1015.8,9.585739,304.28693
,71,91,,0.56,13.95,2.75,0.0,0.0,0.0,0.3,17.0,,2021-07-31 09:00:00+00:00,2021-07-31 09:03:00,53.3408,33.435493,0.0,0.0,0.0,1011.0,10.703569,317.72638
,72,77,,1.93,23.31,2.75,0.0,0.0,0.0,0.3,26.36,,2021-07-10 15:00:00+00:00,2021-07-10 15:11:00,39.3008,91.23903,0.0,0.0,0.0,1015.7,6.830519,198.43504
,168,7,,5.28,22.9,2.75,0.0,0.0,6.55,0.3,32.5,,2021-07-10 15:00:00+00:00,2021-07-10 15:24:00,39.3008,91.23903,0.0,0.0,0.0,1015.7,6.830519,198.43504
,72,91,,2.92,25.2,0.0,0.0,0.0,0.0,0.3,25.5,,2021-07-04 10:00:00+00:00,2021-07-04 10:17:00,51.1808,41.378166,0.0,0.0,0.0,1011.3,14.205182,261.2539
,91,17,,4.99,26.27,2.75,0.0,0.0,0.0,0.3,29.32,,2021-07-04 10:00:00+00:00,2021-07-04 10:20:00,51.1808,41.378166,0.0,0.0,0.0,1011.3,14.205182,261.2539
,189,237,,9.37,34.1,0.0,0.0,8.16,0.0,0.3,45.31,,2021-07-21 11:00:00+00:00,2021-07-21 11:45:00,39.8408,80.274765,1.4,0.0,0.0,1011.4,11.165805,271.84756
,244,241,,4.26,29.45,2.75,0.0,0.0,0.0,0.3,32.5,,2021-07-08 14:00:00+00:00,2021-07-08 14:24:00,49.7408,48.53969,0.0,0.0,0.0,1017.7,6.725354,285.52417
,35,222,,2.03,18.95,2.75,0.0,0.0,0.0,0.3,22.0,,2021-07-12 17:00:00+00:00,2021-07-12 17:11:00,33.6308,94.04488,0.0,0.0,0.0,1016.0,5.904439,217.56866
,7,145,,2.25,13.2,0.0,0.0,3.0,0.0,0.3,16.5,,2021-07-31 10:00:00+00:00,2021-07-31 10:12:00,52.8908,34.11906,0.1,0.0,0.0,1010.9,9.290511,324.46225
,210,148,,9.96,42.08,2.75,0.0,0.0,0.0,0.3,45.13,,2021-07-27 12:00:00+00:00,2021-07-27 12:56:00,52.8908,60.020813,0.1,0.0,0.0,1009.8,9.107359,288.43503
,95,10,,5.09,29.56,2.75,0.0,0.0,0.0,0.3,32.61,,2021-07-27 12:00:00+00:00,2021-07-27 12:20:00,52.8908,60.020813,0.1,0.0,0.0,1009.8,9.107359,288.43503
,61,25,,2.87,20.93,2.75,0.0,0.0,0.0,0.3,23.98,,2021-07-19 07:00:00+00:00,2021-07-19 07:12:00,46.7708,52.498856,1.1,0.0,0.0,1011.8,10.182337,278.13
,143,25,,7.61,33.01,2.75,0.0,0.0,0.0,0.3,36.06,,2021-07-10 16:00:00+00:00,2021-07-10 16:44:00,39.4808,89.96105,0.0,0.0,0.0,1016.0,6.4096174,218.15727
,39,55,,10.2,34.69,0.0,0.0,0.0,0.0,0.3,34.99,,2021-07-10 16:00:00+00:00,2021-07-10 16:24:00,39.4808,89.96105,0.0,0.0,0.0,1016.0,6.4096174,218.15727
,130,215,,1.63,15.45,2.75,0.0,0.0,0.0,0.3,18.5,,2021-07-14 17:00:00+00:00,2021-07-14 17:09:00,35.4308,79.626495,0.0,0.0,0.0,1016.2,4.198285,210.96368
,185,241,,4.87,27.43,2.75,0.0,0.0,0.0,0.3,30.48,,2021-07-14 17:00:00+00:00,2021-07-14 17:20:00,35.4308,79.626495,0.0,0.0,0.0,1016.2,4.198285,210.96368
,197,28,,1.79,19.05,2.75,0.0,0.0,0.0,0.3,22.1,,2021-07-12 17:00:00+00:00,2021-07-12 17:09:00,33.6308,94.04488,0.0,0.0,0.0,1016.0,5.904439,217.56866
,95,64,,8.05,32.99,2.75,0.0,0.0,0.0,0.3,36.04,,2021-07-12 19:00:00+00:00,2021-07-12 19:17:00,33.0008,95.058525,0.3,0.0,0.0,1016.0,5.6920996,198.43504
,235,213,,7.99,20.53,2.75,0.0,0.0,0.0,0.3,23.58,,2021-07-31 10:00:00+00:00,2021-07-31 10:19:00,52.8908,34.11906,0.1,0.0,0.0,1010.9,9.290511,324.46225
,61,85,,2.44,21.37,2.75,0.0,0.0,0.0,0.3,24.42,,2021-07-31 11:00:00+00:00,2021-07-31 11:12:00,52.5308,34.187332,0.0,0.0,0.0,1010.7,9.585739,325.71307
,203,215,,5.44,29.45,2.75,0.0,0.0,0.0,0.3,32.5,,2021-07-31 11:00:00+00:00,2021-07-31 11:19:00,52.5308,34.187332,0.0,0.0,0.0,1010.7,9.585739,325.71307
,61,76,,0.25,29.45,2.75,0.0,0.0,0.0,0.3,32.5,,2021-07-25 15:00:00+00:00,2021-07-25 15:25:00,46.7708,66.36521,0.0,0.0,0.0,1016.9,5.1544156,347.90527
,39,72,,3.1,23.31,2.75,0.0,0.0,0.0,0.3,26.36,,2021-07-25 15:00:00+00:00,2021-07-25 15:18:00,46.7708,66.36521,0.0,0.0,0.0,1016.9,5.1544156,347.90527
,140,56,,9.86,22.5,5.5,0.0,0.0,6.55,0.3,34.85,,2021-07-27 13:00:00+00:00,2021-07-27 13:34:00,51.0008,66.40961,0.0,0.0,0.0,1010.4,8.557102,284.6209
,188,60,,17.41,51.43,2.75,0.0,0.0,6.55,0.3,61.03,,2021-07-27 13:00:00+00:00,2021-07-27 14:01:00,51.0008,66.40961,0.0,0.0,0.0,1010.4,8.557102,284.6209
,32,42,,9.16,29.94,2.75,0.0,0.0,0.0,0.3,32.99,,2021-07-04 12:00:00+00:00,2021-07-04 12:23:00,48.3008,43.41331,0.0,0.0,0.0,1013.0,10.823973,266.186
,67,14,,0.69,12.65,2.75,0.0,0.0,0.0,0.3,15.7,,2021-07-21 12:00:00+00:00,2021-07-21 12:06:00,39.2108,83.15824,0.5,0.0,0.0,1012.1,5.8048253,240.2552
,76,42,,19.61,43.89,2.75,0.0,0.0,6.55,0.3,53.49,,2021-07-21 12:00:00+00:00,2021-07-21 12:40:00,39.2108,83.15824,0.5,0.0,0.0,1012.1,5.8048253,240.2552
,95,86,,0.0,45.39,2.75,0.0,0.0,0.0,0.3,48.44,,2021-07-14 17:00:00+00:00,2021-07-14 18:05:00,35.4308,79.626495,0.0,0.0,0.0,1016.2,4.198285,210.96368
,41,96,,15.37,34.99,2.75,0.0,0.0,6.55,0.3,44.59,,2021-07-14 17:00:00+00:00,2021-07-14 17:49:00,35.4308,79.626495,0.0,0.0,0.0,1016.2,4.198285,210.96368
,41,70,,1.74,29.9,2.75,0.0,0.0,6.55,0.3,39.5,,2021-07-14 17:00:00+00:00,2021-07-14 17:33:00,35.4308,79.626495,0.0,0.0,0.0,1016.2,4.198285,210.96368
,77,49,,5.99,23.31,2.75,0.0,0.0,0.0,0.3,26.36,,2021-07-14 17:00:00+00:00,2021-07-14 17:35:00,35.4308,79.626495,0.0,0.0,0.0,1016.2,4.198285,210.96368
,218,122,,2.95,18.58,2.75,0.0,0.0,0.0,0.3,21.63,,2021-07-14 17:00:00+00:00,2021-07-14 17:17:00,35.4308,79.626495,0.0,0.0,0.0,1016.2,4.198285,210.96368
,160,223,,5.13,25.21,2.75,0.0,0.0,0.0,0.3,28.26,,2021-07-08 15:00:00+00:00,2021-07-08 15:29:00,47.4008,51.081314,0.0,0.0,0.0,1018.2,5.00128,300.25635
,17,35,,5.07,16.73,2.75,0.0,0.0,0.0,0.3,19.78,,2021-07-08 16:00:00+00:00,2021-07-08 16:50:00,44.970802,54.778877,0.0,0.0,0.0,1018.6,3.563818,315.0001
,234,69,,8.51,36.9,2.75,0.0,0.0,6.55,0.3,46.5,,2021-07-16 14:00:00+00:00,2021-07-16 14:36:00,33.0008,86.13607,0.2,0.0,0.0,1023.7,6.1094027,315.0001
,215,49,,10.56,49.35,2.75,0.0,0.0,0.0,0.3,52.4,,2021-07-31 11:00:00+00:00,2021-07-31 11:44:00,52.5308,34.187332,0.0,0.0,0.0,1010.7,9.585739,325.71307
,80,82,,6.17,26.45,2.75,0.0,0.0,0.0,0.3,29.5,,2021-07-31 11:00:00+00:00,2021-07-31 11:26:00,52.5308,34.187332,0.0,0.0,0.0,1010.7,9.585739,325.71307
,179,255,,4.38,17.8,0.0,0.0,3.02,0.0,0.3,21.12,,2021-07-25 16:00:00+00:00,2021-07-25 16:19:00,40.7408,79.48889,0.0,0.0,0.0,1017.2,4.379589,9.462248
,242,185,,1.05,13.62,2.75,0.0,0.0,0.0,0.3,16.67,,2021-07-27 13:00:00+00:00,2021-07-27 13:08:00,51.0008,66.40961,0.0,0.0,0.0,1010.4,8.557102,284.6209
,56,124,,6.88,30.14,2.75,0.0,0.0,0.0,0.3,33.19,,2021-07-27 13:00:00+00:00,2021-07-27 13:30:00,51.0008,66.40961,0.0,0.0,0.0,1010.4,8.557102,284.6209
,45,79,,1.01,17.62,2.75,0.0,0.0,0.0,0.3,20.67,,2021-07-27 13:00:00+00:00,2021-07-27 13:12:00,51.0008,66.40961,0.0,0.0,0.0,1010.4,8.557102,284.6209
,213,18,,5.69,23.09,2.75,0.0,0.0,0.0,0.3,26.14,,2021-07-06 21:00:00+00:00,2021-07-06 21:21:00,28.5908,91.15963,0.0,0.0,0.0,1016.5,2.5455842,135.0001
,201,228,,17.33,54.24,0.0,0.0,5.7,2.45,0.3,62.69,,2021-07-10 17:00:00+00:00,2021-07-10 17:33:00,39.3008,89.316505,0.0,0.0,0.0,1015.9,6.297428,210.96368
,174,235,,3.57,14.84,5.5,0.0,0.0,0.0,0.3,20.64,,2021-07-29 12:00:00+00:00,2021-07-29 12:28:00,48.3008,61.992065,0.0,0.0,0.0,1009.6,14.408997,282.99463
,242,32,,3.02,20.8,2.75,0.0,0.0,0.0,0.3,23.85,,2021-07-23 11:00:00+00:00,2021-07-23 11:16:00,51.6308,39.075947,0.0,0.0,0.0,1010.1,12.224107,283.627
,235,174,,3.84,17.59,2.75,0.0,0.0,0.0,0.3,20.64,,2021-07-21 12:00:00+00:00,2021-07-21 12:21:00,39.2108,83.15824,0.5,0.0,0.0,1012.1,5.8048253,240.2552
,41,195,,14.49,51.55,2.75,0.0,0.0,0.0,0.3,54.6,,2021-07-21 13:00:00+00:00,2021-07-21 14:00:00,37.2308,87.31947,0.1,0.0,0.0,1013.2,6.162207,263.29025
,61,188,,1.8,15.45,2.75,0.0,0.0,0.0,0.3,18.5,,2021-07-14 18:00:00+00:00,2021-07-14 18:20:00,34.0808,81.89,0.0,0.0,0.0,1016.2,5.8048253,187.12492
,155,62,,5.39,26.27,2.75,0.0,0.0,0.0,0.3,29.32,,2021-07-13 00:00:00+00:00,2021-07-13 00:24:00,26.8808,100.0,0.0,0.0,0.0,1012.9,4.2136917,199.9832
,197,55,,16.52,48.68,2.75,0.0,0.0,0.0,0.3,51.73,,2021-07-31 12:00:00+00:00,2021-07-31 12:36:00,50.3708,37.16508,0.0,0.0,0.0,1011.7,11.480557,318.81418
,76,222,,1.33,15.43,2.75,0.0,0.0,0.0,0.3,18.48,,2021-07-31 12:00:00+00:00,2021-07-31 12:08:00,50.3708,37.16508,0.0,0.0,0.0,1011.7,11.480557,318.81418
,71,62,,1.73,21.37,2.75,0.0,0.0,0.0,0.3,24.42,,2021-07-31 12:00:00+00:00,2021-07-31 12:09:00,50.3708,37.16508,0.0,0.0,0.0,1011.7,11.480557,318.81418
,61,61,,0.73,16.73,2.75,0.0,0.0,0.0,0.3,19.78,,2021-07-10 18:00:00+00:00,2021-07-10 18:06:00,38.6708,90.24694,0.0,0.0,0.0,1015.7,6.193674,215.53777
,201,134,,9.19,34.58,5.5,0.0,0.0,2.45,0.3,42.83,,2021-07-27 14:00:00+00:00,2021-07-27 14:32:00,47.1308,80.284096,0.0,0.0,0.0,1011.0,8.557102,284.6209
,95,129,,6.75,25.21,2.75,0.0,0.0,0.0,0.3,28.26,,2021-07-27 15:00:00+00:00,2021-07-27 15:15:00,46.6808,75.62037,0.0,0.0,0.0,1012.1,6.151683,290.55612
,141,119,,6.14,40.0,2.75,0.0,0.0,0.0,0.3,43.05,,2021-07-19 09:00:00+00:00,2021-07-19 09:17:00,44.790802,81.51696,0.0,0.0,0.0,1012.1,9.36,270.0
,193,140,,2.72,16.2,5.5,0.0,0.0,0.0,0.3,22.0,,2021-07-19 09:00:00+00:00,2021-07-19 09:12:00,44.790802,81.51696,0.0,0.0,0.0,1012.1,9.36,270.0
,235,75,,5.1,29.89,2.75,0.0,0.0,0.0,0.3,32.94,,2021-07-19 09:00:00+00:00,2021-07-19 09:18:00,44.790802,81.51696,0.0,0.0,0.0,1012.1,9.36,270.0
,188,222,,4.42,23.31,2.75,0.0,0.0,0.0,0.3,26.36,,2021-07-14 19:00:00+00:00,2021-07-14 19:24:00,30.7508,87.93569,0.0,0.0,0.0,1016.2,6.2145634,169.99208
,242,42,,7.69,32.23,2.75,0.0,0.0,0.0,0.3,35.28,,2021-07-14 19:00:00+00:00,2021-07-14 19:25:00,30.7508,87.93569,0.0,0.0,0.0,1016.2,6.2145634,169.99208
,41,70,,6.64,29.9,2.75,0.0,0.0,6.55,0.3,39.5,,2021-07-16 17:00:00+00:00,2021-07-16 17:30:00,31.9208,92.974495,0.4,0.0,0.0,1023.7,7.5685663,154.65387
,265,161,,18.1,73.9,2.75,0.0,0.0,6.55,0.3,83.5,,2021-07-16 17:00:00+00:00,2021-07-16 17:55:00,31.9208,92.974495,0.4,0.0,0.0,1023.7,7.5685663,154.65387
,42,51,,11.22,51.55,2.75,0.0,0.0,0.0,0.3,54.6,,2021-07-14 21:00:00+00:00,2021-07-14 21:23:00,27.6008,92.148056,0.0,0.0,0.0,1015.2,5.1919937,146.3099
,241,209,,14.19,53.59,2.75,0.0,0.0,0.0,0.3,56.64,,2021-07-13 07:00:00+00:00,2021-07-13 07:53:00,41.910797,54.32023,0.8,0.0,0.0,1012.7,13.570615,248.19853
,89,55,,5.33,27.06,2.75,0.0,0.0,0.0,0.3,30.11,,2021-07-31 12:00:00+00:00,2021-07-31 12:26:00,50.3708,37.16508,0.0,0.0,0.0,1011.7,11.480557,318.81418
,11,86,,21.78,44.4,2.75,0.0,0.0,0.0,0.3,47.45,,2021-07-31 13:00:00+00:00,2021-07-31 14:17:00,48.2108,46.89983,0.0,0.0,0.0,1012.2,9.693296,301.32864
,247,247,,1.33,14.55,2.75,0.0,0.0,0.0,0.3,17.6,,2021-07-27 16:00:00+00:00,2021-07-27 16:10:00,44.790802,80.94729,0.0,0.0,0.0,1012.5,2.7416782,293.1986
,97,61,,2.84,22.45,2.75,0.0,0.0,0.0,0.3,25.5,,2021-07-23 12:00:00+00:00,2021-07-23 12:21:00,50.2808,38.564163,0.0,0.0,0.0,1010.7,10.703569,289.6539
,177,223,,13.56,29.06,2.75,0.0,0.0,0.0,0.3,32.11,,2021-07-23 12:00:00+00:00,2021-07-23 12:38:00,50.2808,38.564163,0.0,0.0,0.0,1010.7,10.703569,289.6539
,247,119,,1.3,14.55,2.75,0.0,0.0,0.0,0.3,17.6,,2021-07-31 13:00:00+00:00,2021-07-31 13:08:00,48.2108,46.89983,0.0,0.0,0.0,1012.2,9.693296,301.32864
,238,182,,9.86,34.56,2.75,0.0,0.0,0.0,0.3,37.61,,2021-07-31 13:00:00+00:00,2021-07-31 13:43:00,48.2108,46.89983,0.0,0.0,0.0,1012.2,9.693296,301.32864
,137,7,,7.79,16.65,5.5,0.0,0.0,6.55,0.3,29.0,,2021-07-21 13:00:00+00:00,2021-07-21 13:22:00,37.2308,87.31947,0.1,0.0,0.0,1013.2,6.162207,263.29025
,16,86,,14.85,52.39,2.75,0.0,0.0,2.45,0.3,57.89,,2021-07-27 16:00:00+00:00,2021-07-27 16:57:00,44.790802,80.94729,0.0,0.0,0.0,1012.5,2.7416782,293.1986
,42,218,,16.71,52.94,0.0,0.0,0.0,6.55,0.3,59.79,,2021-07-29 14:00:00+00:00,2021-07-29 14:51:00,43.1708,81.108864,0.0,0.0,0.0,1011.3,8.647496,267.6141
,200,26,,21.4,56.1,2.75,0.0,0.0,9.55,0.3,68.7,,2021-07-29 14:00:00+00:00,2021-07-29 14:50:00,43.1708,81.108864,0.0,0.0,0.0,1011.3,8.647496,267.6141
,3,212,,3.59,22.79,2.75,0.0,0.0,0.0,0.3,25.84,,2021-07-29 14:00:00+00:00,2021-07-29 14:12:00,43.1708,81.108864,0.0,0.0,0.0,1011.3,8.647496,267.6141
,107,108,,12.61,46.1,2.75,0.0,0.0,0.0,0.3,49.15,,2021-07-25 20:00:00+00:00,2021-07-25 20:58:00,33.3608,92.00998,0.0,0.0,0.0,1016.1,4.802999,77.00539
,238,243,,7.43,27.69,2.75,0.0,0.0,0.0,0.3,30.74,,2021-07-23 13:00:00+00:00,2021-07-23 13:33:00,48.0308,48.092842,0.0,0.0,0.0,1011.4,7.754637,291.80148
,139,141,,19.32,47.98,2.75,0.0,0.0,6.55,0.3,57.58,,2021-07-01 07:00:00+00:00,2021-07-01 08:01:00,51.0008,52.75869,0.2,0.0,0.0,1012.1,9.227524,290.55612
,254,170,,15.15,44.83,2.75,0.0,0.0,6.55,0.3,54.43,,2021-07-01 07:00:00+00:00,2021-07-01 07:36:00,51.0008,52.75869,0.2,0.0,0.0,1012.1,9.227524,290.55612
,169,185,,4.57,23.43,2.75,0.0,0.0,0.0,0.3,26.48,,2021-07-01 08:00:00+00:00,2021-07-01 08:20:00,41.1008,78.10923,2.8,0.0,0.0,1017.0,5.3517847,317.72638
,201,232,,25.36,49.89,2.75,0.0,0.0,9.0,0.3,61.94,,2021-07-01 08:00:00+00:00,2021-07-01 08:43:00,41.1008,78.10923,2.8,0.0,0.0,1017.0,5.3517847,317.72638
,131,95,,5.9,32.99,2.75,0.0,0.0,0.0,0.3,36.04,,2021-07-01 09:00:00+00:00,2021-07-01 09:13:00,37.2308,98.94275,2.8,0.0,0.0,1017.5,10.383987,123.690094
,76,76,,1.57,15.43,2.75,0.0,0.0,0.0,0.3,18.48,,2021-07-01 09:00:00+00:00,2021-07-01 09:09:00,37.2308,98.94275,2.8,0.0,0.0,1017.5,10.383987,123.690094
,162,226,,8.44,33.99,5.5,0.0,0.0,0.0,0.3,39.79,,2021-07-01 09:00:00+00:00,2021-07-01 09:42:00,37.2308,98.94275,2.8,0.0,0.0,1017.5,10.383987,123.690094
,76,65,,8.64,30.99,2.75,0.0,0.0,0.0,0.3,34.04,,2021-07-01 09:00:00+00:00,2021-07-01 09:44:00,37.2308,98.94275,2.8,0.0,0.0,1017.5,10.383987,123.690094
,74,38,,16.44,46.43,2.75,0.0,0.0,6.55,0.3,56.03,,2021-07-01 10:00:00+00:00,2021-07-01 10:33:00,37.0508,99.646194,1.3,0.0,0.0,1017.8,11.901798,86.531845
,82,185,,28033.46,42.3,2.75,0.0,0.0,6.55,0.3,51.9,,2021-07-01 10:00:00+00:00,2021-07-01 10:30:00,37.0508,99.646194,1.3,0.0,0.0,1017.8,11.901798,86.531845
,208,244,,9.82,38.92,2.75,0.0,0.0,0.0,0.3,41.97,,2021-07-01 10:00:00+00:00,2021-07-01 10:26:00,37.0508,99.646194,1.3,0.0,0.0,1017.8,11.901798,86.531845
,117,82,,15.43,51.07,2.75,0.0,0.0,0.0,0.3,54.12,,2021-07-01 10:00:00+00:00,2021-07-01 10:45:00,37.0508,99.646194,1.3,0.0,0.0,1017.8,11.901798,86.531845
,121,122,,2.63,18.95,2.75,0.0,0.0,0.0,0.3,22.0,,2021-07-01 11:00:00+00:00,2021-07-01 11:09:00,36.3308,98.23632,1.2,0.0,0.0,1017.0,10.041354,75.46551
,123,55,,3.46,25.95,2.75,0.0,0.0,0.0,0.3,29.0,,2021-07-01 12:00:00+00:00,2021-07-01 12:15:00,37.5008,90.197815,0.1,0.0,0.0,1017.2,8.654986,106.9276
,257,17,,3.89,19.15,2.75,0.0,0.0,0.0,0.3,22.2,,2021-07-01 12:00:00+00:00,2021-07-01 12:29:00,37.5008,90.197815,0.1,0.0,0.0,1017.2,8.654986,106.9276
,77,188,,3.16,23.83,2.75,0.0,0.0,0.0,0.3,26.88,,2021-07-01 12:00:00+00:00,2021-07-01 12:16:00,37.5008,90.197815,0.1,0.0,0.0,1017.2,8.654986,106.9276
,242,42,,7.41,36.45,2.75,0.0,0.0,0.0,0.3,39.5,,2021-07-01 13:00:00+00:00,2021-07-01 13:44:00,38.8508,90.8985,0.0,0.0,0.0,1016.5,5.771239,93.57626
,126,169,,2.66,20.53,2.75,0.0,0.0,0.0,0.3,23.58,,2021-07-01 13:00:00+00:00,2021-07-01 13:20:00,38.8508,90.8985,0.0,0.0,0.0,1016.5,5.771239,93.57626
,260,83,,0.6,16.83,2.75,0.0,0.0,0.0,0.3,19.88,,2021-07-01 13:00:00+00:00,2021-07-01 13:05:00,38.8508,90.8985,0.0,0.0,0.0,1016.5,5.771239,93.57626
,45,140,,5.86,28.99,2.75,0.0,0.0,0.0,0.3,32.04,,2021-07-01 14:00:00+00:00,2021-07-01 14:14:00,36.4208,95.815125,0.0,0.0,0.0,1016.2,6.297428,120.963684
,35,208,,14.03,66.4,2.75,0.0,0.0,6.55,0.3,76.0,,2021-07-01 14:00:00+00:00,2021-07-01 14:46:00,36.4208,95.815125,0.0,0.0,0.0,1016.2,6.297428,120.963684
,75,62,,13.33,36.71,2.75,0.0,0.0,0.0,0.3,39.76,,2021-07-01 22:00:00+00:00,2021-07-01 22:36:00,27.0608,95.99297,0.0,0.0,0.0,1015.2,7.928178,87.3975
,71,164,,10.52,35.81,2.75,0.0,0.0,0.0,0.3,38.86,,2021-07-02 00:00:00+00:00,2021-07-02 00:54:00,27.8708,98.53151,0.0,0.0,0.0,1014.8,10.182337,81.86999
,28,168,,12.38,40.91,2.75,0.0,0.0,6.55,0.3,50.51,,2021-07-02 07:00:00+00:00,2021-07-02 07:26:00,40.6508,79.76647,0.4,0.0,0.0,1014.9,3.2599385,173.6599
,205,169,,17.08,60.24,2.75,0.0,0.0,6.55,0.3,69.84,,2021-07-02 07:00:00+00:00,2021-07-02 07:41:00,40.6508,79.76647,0.4,0.0,0.0,1014.9,3.2599385,173.6599
,218,196,,11.32,45.84,2.75,0.0,0.0,0.0,0.3,48.89,,2021-07-02 07:00:00+00:00,2021-07-02 07:26:00,40.6508,79.76647,0.4,0.0,0.0,1014.9,3.2599385,173.6599
